5f06d00c-efdd-4824-9232-aca7ffe1cbc7,"Lantheus Holdings, Inc."
ea2b5d4d-a307-4482-b486-0fbf26a1fdcf,Associated Banc-Corp
b7eae9bc-ade0-4d45-926c-c3a9104e3649,NIC Inc.
014ff67e-7065-4bc7-8eb7-7bb5c2d2e865,Nuveen All Cap Energy MLP Opportunities Fund
a3fede52-a265-4872-a8ac-5b1f21c44454,"Bank of the James Financial Group, Inc."
1d5be37c-422d-48d3-aa4a-82de15a0e3f9,"Allscripts Healthcare Solutions, Inc."
6b6ee414-da71-4673-99ef-20d56218e93a,First Trust Dorsey Wright Focus 5 ETF
dc514e73-c1d6-4193-a25b-01054e475650,"Connecture, Inc."
84c7d375-749c-49cc-9995-953d84046f98,"Oaktree Capital Group, LLC"
1ee718f4-fbd0-4006-85ea-3aacf6829a10,"Crown Crafts, Inc."
1b1ea93a-7868-4339-a853-c903d3f36021,PowerShares Nasdaq Internet Portfolio
a6a8c66b-f1e3-4279-803d-7b5c83c17f1c,"Evolving Systems, Inc."
8d9a69d1-e5fe-4cc4-9854-0cfed4edf5b7,"RigNet, Inc."
19c3bff4-fafb-4da5-a181-ab01cede3218,MV Oil Trust
a7914c37-5ee9-4a66-aa55-b5a0f2829740,Eaton Vance Risk-Managed Diversified Equity Income Fund
1c4fdc3e-b70d-464f-af25-0a7eb4d24e4a,"Wheeler Real Estate Investment Trust, Inc."
80cf4bd7-401c-4ad7-aa62-69a12fcd79d5,KB Financial Group Inc
fb728762-bdda-4048-b688-190170a204d3,"Cellular Biomedicine Group, Inc."
78ec8f44-40f2-4def-92d6-32f7a0ebb572,Western Digital Corporation
a2a8b0a5-473c-43ae-8e91-688c0ddb1197,MTGE Investment Corp.
327c4ef1-856b-4b9e-b1d1-98ce6b4e2068,Capella Education Company
71bd04c3-700c-4f6f-993f-5c4a84c289c6,Pool Corporation
d1d7dfba-56b0-455d-9960-559b934d892f,"Neothetics, Inc."
e441f532-7e63-438d-b15f-5bb36787e667,Tidewater Inc.
c0f8dce2-05fa-411b-a2f4-e82d6a88a027,"Overstock.com, Inc."
1ce0134f-d50d-492d-bdd6-91f6a700b5dd,"MarineMax, Inc."
0da68269-ea1a-4b3a-b694-25fc32a525cb,Monster Beverage Corporation
ed3ac013-a14e-4c32-92d8-98a08368fa3d,"CHF Solutions, Inc."
6019e611-b76c-4bb3-bbdd-b16c2ddae3ef,"CatchMark Timber Trust, Inc."
31525841-34e5-4b09-9b84-5c2751e119f4,Citigroup Inc.
66ccffda-8f0e-402b-9fa5-85da45842bf9,"New York Community Bancorp, Inc."
8719992b-0262-41ad-b311-693b5e09e9ec,Cowen Inc.
8a8b3317-9e0a-4287-97e4-52178943192d,Aflac Incorporated
8f628194-680d-40fe-a655-72314efd8694,Robert Half International Inc.
ac2b6cde-ef39-47a6-adc5-b091bb663375,Univar Inc.
491ef103-3eaf-4947-be4b-343d66832586,"Fuel Tech, Inc."
a6fa551d-5eb4-426d-a1c5-9380b8e9cec2,"Overseas Shipholding Group, Inc."
f115d040-ca44-4b50-857e-671cc0d6caf5,Great Plains Energy Inc
f1d9359d-9932-47b4-84ee-ff6b9603b581,First Trust Dorsey Wright Dynamic Focus 5 ETF
6774eec8-6d09-46a2-81fd-e73b5010d302,Noodles & Company
a3fdb982-e421-44ef-b4d3-d86208e0fa8c,Ares Capital Corporation
9c08b911-6fa1-4be7-94ac-47f840e601a9,General Cable Corporation
237d33bb-bf22-4894-a596-fa764d376afd,"European Equity Fund, Inc. (The)"
a52d3262-1bd7-4792-aa07-8302537e0a67,"Plug Power, Inc."
6a6341ce-4aaf-4622-a94d-0f1aacba144a,RLJ Lodging Trust
8c5ca323-a727-40c2-a1ce-1981652fb49a,"Bazaarvoice, Inc."
c013dee9-5856-49cc-b329-720a37c25c77,Wells Fargo & Company
5bcea930-ba40-4d0b-beee-8aeb57a4ba05,Scorpio Tankers Inc.
a59729c6-ce25-4ce3-a318-9afa5f686744,Ita? CorpBanca
2d8e972e-1aaf-4e56-8012-ec249be7b49a,Comcast Corporation
f7990046-f3a2-4ef8-a9b5-73d4ed29b39b,"NVR, Inc."
25ba3941-863c-4444-8beb-cd6877a3130b,Petroquest Energy Inc
fd949577-1658-4928-9d49-6040ca5c31b2,"Merrill Lynch Depositor, Inc."
11b3f027-ddcf-40cf-a751-1ad48d55f805,VEON Ltd.
c275721f-6768-40e8-9575-3621b569dc2d,"INC Research Holdings, Inc."
33d6f668-00f6-4099-b46e-431dc71c8d0b,"United Bancorp, Inc."
d54ff878-1079-4039-b2c8-f6850f395592,Weight Watchers International Inc
90586dab-c668-4438-a39c-d65f6364e70b,Forward Pharma A/S
c31a02eb-e4a6-4498-8c5a-c2855c3f2b1a,Dynavax Technologies Corporation
1065d32e-7070-4c94-a268-8f2e0165ac95,"AllianzGI NFJ Dividend, Interest & Premium Strategy Fund"
92650063-3e1f-4301-9c39-078990aaa3f7,"WesBanco, Inc."
93456520-c8c2-46a7-b344-2f1dc032d2e8,Emerge Energy Services LP
76a1cc56-04c3-4991-9bb7-82a602425b20,Gold Fields Limited
dbacc2fd-578f-4ace-9f0d-0f7a585b3a1b,"ConnectOne Bancorp, Inc."
4889e6f6-9faa-4016-a688-20b65f0b5843,"CenterState Banks, Inc."
06d7553a-4214-4c57-82a1-1d57b92c52eb,TD Ameritrade Holding Corporation
c8995046-0af5-43db-9713-45cecd35117c,"PPL Capital Funding, Inc."
b90942c8-e1ed-498e-8af8-06821721d4c2,The AES Corporation
386bfcb4-607b-4b82-9c1b-1ba0b243435a,Avadel Pharmaceuticals plc
a5579b3b-124a-4efa-8050-90ed5a169cc9,"Aerohive Networks, Inc."
85552786-3eae-4e80-9894-92dc67858b45,MFS Multimarket Income Trust
b1bae89e-2bd6-4ea4-9d65-90e48bd7b012,FlexShares STOXX Global ESG Impact Index Fund
b66434c2-5d2c-4dfd-a4e5-649ec4e4e25a,"Ventas, Inc."
9dae7516-2f9a-4a3b-bdc4-4d33411efbbd,Magal Security Systems Ltd.
005f445b-dbbb-4ce7-9b0c-4f035673522f,"Netlist, Inc."
226a58ca-df2e-4cf3-955b-0e4ab2497603,"Daseke, Inc."
3db2f7ce-5e3b-435d-959e-567d29644041,Noodles & Company
7e79cd10-10ed-4b6c-8864-eee26e639363,Danaher Corporation
75b4be72-746c-45b1-9989-249861690ed3,TrustCo Bank Corp NY
29356de2-d505-4a6b-bec2-bef4eae982b9,Morgan Stanley
65afe5d4-0aab-41b1-9dd2-7514e03da6b6,"TheStreet, Inc."
7ca813a4-0f34-4f5e-baba-e9db181b278b,Pioneer Municipal High Income Trust
b88e371a-4678-419d-ae89-4090fd72f977,"Enbridge Energy, L.P."
98c53f73-7fa0-4ca8-9b6b-e74dc97b2b83,"AG Mortgage Investment Trust, Inc."
8e311a83-977a-49b2-b8c3-492d18e6906b,Rent-A-Center Inc.
fa3519c2-528c-42fd-81d3-803345cf4bcf,"CommerceHub, Inc."
c65fb93b-e271-49ee-9f69-39a7e78767e4,Liberty Global plc
e5fab2ad-5395-45f4-bec5-3743c5cca1ad,"Hollysys Automation Technologies, Ltd."
98cbf18f-f517-4384-964b-09c7a824f037,Vanguard Russell 1000 Value ETF
470b233b-6a0f-4c7b-a8a1-cb2900d8e709,"Cardiovascular Systems, Inc."
88d5dedc-9dd0-446f-97a4-0703f69dfcb2,Wyndham Worldwide Corp
2201ad95-43df-4f43-b170-a5c13a590536,Geron Corporation
5d8509ff-f528-4cd0-95ea-07967644842f,Global Partners LP
3a0559df-5f6b-42ee-a42b-c5b28e57dc68,"Under Armour, Inc."
a8aaed10-783c-45b4-a8d0-76cf1e727c41,"Global Ship Lease, Inc."
af0a766c-7bda-4eba-92a4-7ca5007d48ef,iShares 20+ Year Treasury Bond ETF
d6a4f1ce-d86c-48ef-9c22-b811dce2e037,Lightbridge Corporation
d245bc8f-4068-4cc5-bc8a-b23c3dce6109,Royal Caribbean Cruises Ltd.
45db1cc9-d9f9-4960-b002-b366612c9665,iShares Global Infrastructure ETF
908874b6-f347-4c7f-866e-235f78b2b9d0,Canadian Solar Inc.
fd893b68-ac2d-4a91-9132-920858d8f77b,RenaissanceRe Holdings Ltd.
4acfd1be-5822-457b-8048-19e0c64da257,Ames National Corporation
e427f249-1da0-43c0-ae66-a6afdb7fa865,"Corbus Pharmaceuticals Holdings, Inc."
84a4fa78-7bec-47ce-9613-4c64032a961a,iShares Fallen Angels USD Bond ETF
2ab720fc-b824-4394-b530-21f99db4da80,American States Water Company
51bd1e33-5fae-42e7-808b-d11b4b215adf,Simmons First National Corporation
96f62f44-e665-4e40-a4cb-005fdb9f50b4,National General Holdings Corp
f7ac8aaf-d633-4e94-8568-b0fe9f94bbbe,"Banc of California, Inc."
91bdc2d1-d543-4e71-aaa8-109fc77cb8b1,"SORL Auto Parts, Inc."
b7a31450-00f0-4b37-a29f-895ea7a7fdfc,Carnival Corporation
0df3e2a9-fdc9-4558-84e8-532ebf7efb49,Ecopetrol S.A.
44d8e82a-ecc7-462f-9044-70be7b00bc6a,"Sierra Wireless, Inc."
846ad49f-0eb2-4a1d-b683-0e957d51ae4e,"Columbia Seligman Premium Technology Growth Fund, Inc"
e005cc8e-b374-4b6e-a4df-133df4ac4318,"Richardson Electronics, Ltd."
af1e9ca7-7a53-4921-8d7e-567e13b15128,KapStone Paper and Packaging Corporation
db83017a-16d6-4eab-a322-320cd9ba65f2,"Aaron's,  Inc."
1b0da23b-13a2-4fbf-85fa-f870c7e9f444,MFS Intermediate Income Trust
9698e2f3-dc6b-4e35-b91e-3487109dc559,"M.D.C. Holdings, Inc."
e319c448-6b4b-4f0d-ac82-2c20ed775a95,"Live Oak Bancshares, Inc."
5e9f47d6-ae25-43c9-b8cc-00f12d879ac7,First Trust NASDAQ Cybersecurity ETF
202f3200-ea84-4d6b-b9e4-ffc79e92e435,Celgene Corporation
9e5405d5-b6f4-407e-a45c-69f210a0e688,Assured Guaranty Ltd.
79c86422-dc53-4d8c-9968-c2b4f6c9f222,Sina Corporation
de9dd629-d4b1-4ad7-b9ad-f209507f6bb5,Enterprise Products Partners L.P.
f19b1318-e29f-472f-acba-d2ddd08962f9,Blackrock California Municipal 2018 Term Trust
5659a534-03f1-4f59-b0c5-fca95b424970,Layne Christensen Company
e7a81e78-af26-4332-b14e-b4105636dbbb,Senior Housing Properties Trust
306d7ff3-9f30-481d-93fc-4d9dab86eecb,Calamos Convertible and High Income Fund
02c5086d-7eea-41a9-839e-def5489f11d4,E.I. du Pont de Nemours and Company
4ebc0d8b-1ef0-42a6-8a61-4684a57a4d51,Vertex Pharmaceuticals Incorporated
360bc8d5-a92e-4b92-b99f-a49ee36181a8,"Allied World Assurance Company Holdings, AG"
abbf9780-6a72-4c88-9419-43af48f08e4c,First Trust Small Cap Core AlphaDEX Fund
8b65a56d-6278-4f96-aa64-d99cbfc05c41,Kroger Company (The)
de157638-2647-4141-a99b-2bbeca19e5f7,OncoGenex Pharmaceuticals Inc.
541c53e7-1572-4faa-9a64-8575c1b3bd7a,"Black Knight Financial Services, Inc."
f9f3ff8f-c77d-47a5-9c44-be3c16841b56,American Tower Corporation (REIT)
9f10b5ca-6ada-4c40-83fa-19cc7194465a,"SilverSun Technologies, Inc."
1a1c0ad9-a5f5-4f94-a37b-fb6596097797,Carpenter Technology Corporation
f23d5862-c626-464f-86ca-fb9de015b70c,FB Financial Corporation
c9abe5b7-60f0-423d-b1ec-7a4eb8a939d3,Medallion Financial Corp.
07c328f8-33ec-4b59-b794-b3496056a634,"Red Robin Gourmet Burgers, Inc."
2591f37f-9c5e-4f00-bbfc-658a9063a2b7,"Delaware Investments Dividend & Income Fund, Inc."
673f6314-7f69-4cc6-a3ff-de09bd91e3c2,Lakeland Financial Corporation
439868ce-7fbd-4db8-a182-15f38d9e5c1f,Christopher & Banks Corporation
4ed42be4-749b-4136-a207-0c6b52d71dfd,PIMCO Dynamic Credit and Mortgage Income Fund
429fabdf-e09c-4170-80ca-40efb5bac4ca,NASDAQ TEST STOCK
cf540944-5079-4dee-a298-d005e6d8f914,Diana Shipping inc.
38666055-44a5-4558-adcb-ef1dcbdf6e06,"Entergy Louisiana, Inc."
95e20123-9865-488e-ac4a-ab88d6b0b024,Regional Management Corp.
43fb1a72-f52c-4b56-90d8-8a20c8ed3f20,Brookfield Renewable Partners L.P.
c1b0e7a8-fe88-4aef-9d6c-d8dc9032e161,Cintas Corporation
7289827f-9a81-4a95-9c49-05c6aedbd408,"Mid-Con Energy Partners, LP"
b60e2710-6ce0-4741-be57-e6296e589899,"Penn National Gaming, Inc."
21313446-e195-4316-b9f2-a0b86e3265cb,Express Scripts Holding Company
92ec995f-0187-4e20-b873-96b63e5c9a6d,TELUS Corporation
a0c847d8-663a-45c0-8edb-0c5fd2c572f9,PBF Energy Inc.
3e210b7a-edb8-432e-9280-3fd5c4386f2e,Washington Prime Group Inc.
b16efcde-02fa-4217-833a-ed386ef2d45e,"Marchex, Inc."
92d262c2-a03a-4afc-b7fa-c61636eee1c5,First Trust Dynamic Europe Equity Income Fund
175f1440-05de-48b2-b988-457611c0ccd7,First Acceptance Corporation
8582874f-85c0-4c2e-91d4-9e7a3bfafab5,"Sinovac Biotech, Ltd."
55e3505d-1098-4da0-8ff6-186ea7587c64,Pebblebrook Hotel Trust
61699bd0-3380-4552-9611-fb8709a3e7bd,"Home Federal Bancorp, Inc. of Louisiana"
462e64f4-f503-4e9e-afda-2009969fafa1,"CVR Refining, LP"
8ea1142f-a278-4049-8a64-f55364d96dbc,DHX Media Ltd.
a32fe756-61bf-4ecf-a0be-dae9eeb8bce1,Tonix Pharmaceuticals Holding Corp.
1bc1df04-7b0d-4789-b9e2-49ef40756937,"Kratos Defense & Security Solutions, Inc."
29080302-b9ed-47e4-895b-0d8d2d952a12,"ChemoCentryx, Inc."
64a92bfd-cd5e-48c2-b856-7aeaea0ebc55,"Guess?, Inc."
f32c8567-a5ee-4d4b-9162-27376b567efe,"Tarena International, Inc."
e6d70580-0c66-4834-9e5b-71a50ed51f98,Digi International Inc.
f26317cb-9c73-4d13-83be-d99251469125,Hingham Institution for Savings
06b7b930-adbc-4d63-af80-d5238e7420f7,ZTO Express (Cayman) Inc.
671da3b1-f5cf-4cee-bcac-83a78ac2f44c,"Soleno Therapeutics, Inc."
a421ee1e-df82-45a9-9973-a96ff65e2ab4,Pitney Bowes Inc.
5a3648da-5be7-45fc-9861-c702686d34dd,LCI Industries 
54feb842-6292-4cfa-b4e9-90e1ef51dca3,"Pixelworks, Inc."
12600c5f-6c6a-4aa5-9875-22068b40dec9,"Bio-Path Holdings, Inc."
f5bd0d30-4065-4e9a-ac21-dc9be84ac7e1,Navios Maritime Acquisition Corporation
54066726-0ee5-42aa-857d-fc7cd7ee8383,Blackstone GSO Senior Floating Rate Term Fund
5e2232ee-e5e6-49bc-8d1f-eb06a5c69b71,"SG Blocks, Inc."
39fbf0a3-e445-487f-b38b-e29b88c27fa8,"M I Acquisitions, Inc."
3cfad41e-c525-49d5-9219-2e336a6535d7,Winmark Corporation
8bf9182b-4f2f-4709-88a3-df4c4b0c0a63,"Sky Solar Holdings, Ltd."
7726e857-36ab-4a56-896e-fdc3422bcdaf,Harvest Capital Credit Corporation
5bf9c3e2-1fa3-4d6d-992b-71bb6ebbc7b1,"Edgewater Technology, Inc."
ae2d8282-9459-4d1b-af7b-e6c1428c9492,"TRC Companies, Inc."
2d33cbd9-a366-4565-99fe-152e8c89ce7c,"Star Gas Partners, L.P."
b4ce4b0e-9992-43d0-8c77-bf874e16ec0f,"Lifeway Foods, Inc."
cce5b8e3-1456-49f6-b115-4d27c9742331,Bank of America Corporation
f2a3253f-60db-499c-a1f2-32ce7a35df16,"MiMedx Group, Inc"
3b0e9a0d-5ecb-46ad-8a6e-c8194a533e7f,Pimco Municipal Income Fund II
a010c21a-390b-4665-9d52-84977557d5f2,iPath US Treasury Long Bond Bear ETN
17c9598c-e3b7-421b-a321-357f933263c4,"Equity Lifestyle Properties, Inc."
d2087b35-350b-4d6e-b2ea-ccc404c0b53d,Owens Corning Inc
399fc511-78a5-4954-b663-33e5c3837919,Occidental Petroleum Corporation
021e550b-649c-4435-8035-77226630339c,"Minerva Neurosciences, Inc"
9b4e195d-d1aa-4afc-af67-6418ef563854,Capital City Bank Group
7bdd5a01-720f-4779-94c0-07f09cc7a407,"Colony Bankcorp, Inc."
36bc31de-5389-4f0d-8c17-a82c22db0eaa,"H&E Equipment Services, Inc."
1e1fc5d7-b1b2-40a2-9db4-97fd5b6921f1,Public Storage
0c139bfd-8f71-4f26-9c5b-5ae26513ead3,"Nivalis Therapeutics, Inc."
df1439f7-fc2c-4e5b-99a2-b32ee6cf51d0,PowerShares High Yield Equity Dividend Achievers Portfolio
674e5778-bf49-4dff-8be4-4786640ecc03,Atento S.A.
078e12c1-2203-4889-bb9f-93165d43bf70,"Gyrodyne , LLC"
e7ba6ee0-09f8-4b10-85c1-5d7218db3b7b,Anavex Life Sciences Corp.
a424d826-c082-4618-b82a-bc5ae05af3c7,The Advisory Board Company
654af43c-a87a-43c8-8d53-f9adbbeed1a7,"Alnylam Pharmaceuticals, Inc."
55074a8a-9247-46d3-8458-af1f2fd931b4,Coca-Cola Company (The)
93e4fc47-70e7-49c6-ac69-4d42d3b7506b,"Golden Entertainment, Inc."
f795ab99-4ed4-4a2b-8ee9-d434aa3a9563,Nuveen Select Tax Free Income Portfolio III
9a5bc450-be95-437f-8f74-5ba273a6febf,"Clearside Biomedical, Inc."
f882b8c0-0e25-4592-90a7-b90cdaabaded,Global X Social Media ETF
82570860-b354-483d-9a8d-0112f9a3c1f0,"Washington Federal, Inc."
336103b0-d037-4502-8824-ceed1e7aa123,"American Financial Group, Inc."
56ca41e4-13a4-442f-82a0-d90c1cb4cc84,Novanta Inc.
77883720-e243-42c2-8868-9ca3b97e24ed,Williams Partners LP
d3ff17cc-4d33-46b5-9c74-b14dd456476e,Lumos Networks Corp.
66615471-2c8b-4078-ad31-830869e3f5f3,"Merck & Company, Inc."
eb9da2a4-7c5c-4352-b78b-0d00322a9d51,"Vmware, Inc."
de1863b7-89ce-4f5e-829e-5f7a311cf6a2,"Popular, Inc."
eb4dc62b-3751-43c4-b43a-7f0efb4bb70e,iPath US Treasury Long Bond Bull ETN
9a8fe8cd-baa1-4990-ac04-1bcf63811650,"ADDvantage Technologies Group, Inc."
a2f6cfb7-bae3-4f79-9717-1b26b1a14796,FIRST REPUBLIC BANK
ea034969-d5dc-4b47-a894-d87f83d88371,Performance Food Group Company
1183cb43-a53e-4755-b3b3-ac4bfb8de1fb,"AAC Holdings, Inc."
bc682486-cce4-4a9b-8c66-fa168fc3a4a7,"Greenbrier Companies, Inc. (The)"
ee9f165c-9a02-485e-913e-fe3c4b6427a2,Sonoco Products Company
f4a8df60-345c-4e86-8934-f2639b3f3690,"Summer Infant, Inc."
43eae3b5-06b2-4eed-a874-de70b5a394b1,"Antares Pharma, Inc."
8fe3744a-152b-4657-b443-aeaa2a446c8c,"Brown & Brown, Inc."
289f9428-7326-4403-8660-2f706e020746,"Financial Engines, Inc."
0151b6b0-593e-405f-877e-cce2bbf25fd1,"OptimumBank Holdings, Inc."
81e1dce2-46c0-4009-aa3f-7e7c79083f09,"Envestnet, Inc"
412af582-2165-4ad2-a153-2e7b82624bb7,Wells Fargo & Company
17bccf9a-54e3-4ea1-bb9f-a32557298f3e,Capella Education Company
32640405-4eef-4840-ba8e-b8549fdf53b6,WMIH Corp.
4de49122-d208-4774-ab04-0cf8036a74a7,Eaton Vance Tax-Managed Buy-Write Income Fund
15f0b8cf-5f0c-4c0b-969f-a37d2c3ffb32,"Quality Systems, Inc."
ca002b26-c4ea-4c11-916c-d3ce24e43681,Preformed Line Products Company
673938f6-aae2-4153-85a9-8f239939ff76,"Boston Private Financial Holdings, Inc."
8beb1de7-5dc6-4b91-9485-6adcffba8b7c,Allstate Corporation (The)
625bf857-fce6-49b2-a886-dbceb7f3bc0c,Liberty Property Trust
92adb347-a6cc-4883-8f77-581e52c2cc7e,Auris Medical Holding AG
ca5f3bf9-46ff-4b8b-806b-720dc4420002,iStar Financial Inc.
5f4bb5cd-ec23-48d2-9937-131d18534c77,"DWS High Income Opportunities Fund, Inc."
50f23fd5-c21c-44a3-8ed9-43f764c9f74c,Sussex Bancorp
1b55dd7b-5931-4183-b684-15935ebecade,PAVmed Inc.
027afde5-6e85-4d23-8463-a2a84b28b1d5,"Nature's Sunshine Products, Inc."
6d535878-38c3-4435-9395-9665d9b84b5e,Corcept Therapeutics Incorporated
1efbc6ca-4aaf-4ca4-9ca9-e9a62bc627ad,Resource Capital Corp.
179c4504-020b-4ec7-8771-1f19743ceedf,Progressive Corporation (The)
1b17b15f-f472-4037-b959-0b4ec9424771,Aflac Incorporated
d8d296bc-e04a-422a-ab04-b24156a4f6db,Integer Holdings Corporation
53385044-611a-4acc-902b-6cb8fef97e2f,"CryoPort, Inc."
4b83a2a7-23bc-45cf-9477-7e84f8ff94bc,"Dominion Energy, Inc."
46ea41a3-c2be-4952-a82e-68ad8dfb87f4,KraneShares CSI China Internet ETF
c5aff597-d688-464a-9c0e-c546cdea31db,"ParkerVision, Inc."
cdf73655-08e2-499c-a9fe-c46bc2c30c7e,Generac Holdlings Inc.
222725e9-2424-4e21-bfe3-d4da435c747f,Cemex S.A.B. de C.V.
eb653d54-8073-4c13-a07b-f587a4fa70f5,Autohome Inc.
891fa784-4b14-4aee-88b4-9b7f02429008,Wix.com Ltd.
511e5f7e-9992-4d7b-8df5-dc545944c263,PAVmed Inc.
7d6c5d6a-e233-4d1c-91da-5eb8cd4b76a0,Hudbay Minerals Inc.
c9fed71c-fa26-417d-bf4f-ea41ca5d96bf,"The Ensign Group, Inc."
cac2c785-84c2-4793-a67d-122497f3f15d,"Investors Bancorp, Inc."
0967dbec-33b8-4d4a-84e7-2961216a1a42,"Analog Devices, Inc."
7e73feb5-68f2-4042-9d5a-07b73a9aa4f8,"Synergy Pharmaceuticals, Inc."
34ae6d7e-abbf-4908-9adb-e80e56ac63a5,"Top Image Systems, Ltd."
1b605521-0273-4a82-a3d8-144965c4a237,Wells Fargo & Company
a0f7e689-5e6f-49c8-b945-0a5afdbc39a0,"NantKwest, Inc."
25ff1381-923b-4152-87aa-5d5e61303bfe,Hershey Company (The)
52e11c50-1d6c-4a98-b53e-802922536568,RMG Networks Holding Corporation
03adf05e-e7ee-4033-9de0-5aba4dbba82a,"PNC Financial Services Group, Inc. (The)"
54a1a3c9-1259-48bd-b31d-1e0c31a1cf68,Quaker Chemical Corporation
dd66e36b-0540-4834-8c27-73807fc0957a,"Blackrock MuniHoldings Quality Fund, Inc."
29328168-f384-4530-ba6f-359585c17e8b,Callon Petroleum Company
0d15be40-1c2d-4be3-bdd3-aea553332f5d,"China Green Agriculture, Inc."
a7395aae-e9c1-4bb5-8cce-19c05d4e4d21,BlackRock Credit Allocation Income Trust
81cb9680-2bbe-40ba-b130-401aff8d835d,Optical Cable Corporation
ed6511e6-2af4-411c-8f31-d4f3718d1cf3,iShares FTSE EPRA/NAREIT Global Real Estate ex-U.S. Index Fund
c081ed31-9d8e-4094-88ed-86048004efab,Zebra Technologies Corporation
5b1382ae-92d0-4e66-a178-ffa2f9aca037,Brookfield Canada Office Properties
8416d65d-82aa-4737-abe7-2cf46a914c5f,Blackrock Florida Municipal 2020 Term Trust
744aba02-c31f-4c6b-b19a-d58b7be8ae65,"Sierra Oncology, Inc."
6897df27-c270-42c9-bce0-a3b67f0504bf,"Lifetime Brands, Inc."
0be40606-0e0b-4f3f-8564-379068a74fdb,Mallinckrodt plc
137f9acf-2687-428c-8ded-27b9836d0c89,"Pro-Dex, Inc."
d2871771-6012-4433-9405-f9ef29229a1a,"GAIN Capital Holdings, Inc."
cbce7f20-6dbd-4917-89f3-5e38788e4603,New Media Investment Group Inc.
f7774d8a-f4c6-4d8b-9d00-2c829ac07d48,Valley National Bancorp
2dd00e25-937b-4763-ba30-132d038eb39a,Ichor Holdings
441dee8a-ad4e-43d0-8e78-3d7c4acb8f5f,"Dime Community Bancshares, Inc."
1b72fd65-501e-411b-89c1-2c3eecb503c8,"LivePerson, Inc."
923b1153-4abf-4996-b7f1-71e6d4f6c864,"Guess?, Inc."
bce5498a-f397-47cc-bdbf-917f91146510,FinTech Acquisition Corp. II
eea9f2b4-1b73-403f-8d1d-b9117d784e83,Cloud Peak Energy Inc
4ecfcb22-9e54-4d83-947a-02169d18513b,"Tyson Foods, Inc."
4677132a-fbe2-408a-9940-5782224c0a2b,"Wynn Resorts, Limited"
1a893ede-96c9-4b89-ba7d-180c1cb47044,"Hertz Global Holdings, Inc"
41a4117e-b188-4c9c-b02e-8e5d8c48ecd8,Nuveen Municipal Credit Income Fund
0440be30-e0ee-4635-bcd5-bf2281aeb0d1,"Axsome Therapeutics, Inc."
fe2045a7-c573-4153-819b-73db191e9864,Colliers International Group Inc. 
d2004f6b-35ca-40c0-a9d0-8c7e0943f309,"OraSure Technologies, Inc."
81e5348b-b3d9-4479-a7e0-c1b8c8d8955b,Aegon NV
cfc61abf-d5e7-42a0-8fb6-40afa8bd24dd,"McCormick & Company, Incorporated"
4be47abf-df86-4688-b97d-2bd8edde00c3,PowerShares KBW Property & Casualty Insurance Portfolio
dc033e74-7d74-4349-8532-599c09840353,"WellCare Health Plans, Inc."
71ce0722-62e7-40fc-8dc5-679477fe18d9,"Accelerate Diagnostics, Inc."
b63775e0-0e76-4ee3-842e-726de5ed1b0f,Nabriva Therapeutics AG
5ffe9cfa-2fd5-4452-97a0-64f4798ef2c7,Aegon NV
621aa3ed-5205-4078-8ccb-a425c5a84d0d,Xcel Energy Inc.
e0dd1837-8869-4db8-8173-c43a1f448334,"Neurotrope, Inc."
d2bd2055-8a1e-404d-8066-899203a6198c,TransCanada Corporation
e8ba2ccb-0e2d-429f-8028-e34c1378adcb,"AmTrust Financial Services, Inc."
87172232-3319-4e2c-8fe4-4e79084e6495,"Imprimis Pharmaceuticals, Inc."
a770325b-e31f-4adb-9804-421c37a22b16,Compass Diversified Holdings
2398eabf-a7b1-46f2-84ae-ee7790704a30,Teck Resources Ltd
061db767-a4d4-43a6-b77b-53229dff6097,"SITO Mobile, Ltd."
96ccff8b-38fc-4489-8283-a92d8acf7781,"Littelfuse, Inc."
90de561d-93ff-417c-8aa8-eeb84fecfbb0,"RF Industries, Ltd."
d6fcd06a-c40f-4bdc-891d-26ec5547c798,Washington Prime Group Inc.
87bab963-2fcf-499a-aee8-ff9329e630ec,Wells Fargo & Company
7774be32-d61b-49a3-b08e-56f57c73ec27,Origin Agritech Limited
3611e723-59f9-49c2-921b-2cea2e697d7c,"MFA Financial, Inc."
462ee148-8f85-49d8-bec2-770e4f607127,La-Z-Boy Incorporated
c65775c7-1ca0-4a04-8b06-c04527305cba,Marcus Corporation (The)
5a9a8dbf-412c-4ac3-a462-f37375cc28b3,Yirendai Ltd.
869390af-6c7a-493e-8d2e-5cf710dd421f,MagneGas Corporation
79e381e2-9fa8-44a9-9db6-ab027792e13d,IHS Markit Ltd.
ca78c48f-bae1-47fa-be4d-b89c4bcb1752,"Cal-Maine Foods, Inc."
b4fa3a74-2f5e-4e59-9c9a-07cabf0e07a8,"Tortoise Energy Independence Fund, Inc."
43c6077a-b1e5-4804-a8ad-95ec8f02baa7,"Diamondback Energy, Inc."
1e31a5eb-cfc5-4177-bf76-ec067052435c,"Mid-America Apartment Communities, Inc."
a7adc3f5-6123-4e68-aba6-5a33fd873c51,"Charles River Laboratories International, Inc."
5ba2a45f-a25a-4321-aaee-2c43613323bb,"Biocept, Inc."
504ca883-3c37-4740-b0be-5a240f8c5bfd,"Lexicon Pharmaceuticals, Inc."
75caa6ee-baa2-4e2f-815e-9af1e0cae1d3,Service Corporation International
4ce6fd0d-b81e-4769-9fed-67eeabb2e220,"Mizuho Financial Group, Inc."
c14e173c-8d9d-4bb1-8475-156ce787b528,Patriot National Bancorp Inc.
73fb63d1-8245-4b56-95a8-6ec9967cce8d,"Darden Restaurants, Inc."
12ca2711-8251-4cb3-b76d-2de6130e7a2c,"Boston Private Financial Holdings, Inc."
59abb9ea-1a8e-46b8-beca-4ec786f19f0e,"XO Group, Inc."
784f5656-ade3-4cdb-a1ee-a397d381e08f,LyondellBasell Industries NV
7f8654e1-d842-416c-b829-75484fc5c285,Seadrill Limited
26a3796d-9ef7-406b-9402-cd3d8ed444c9,"Continental Building Products, Inc."
c699e62b-c00c-4adc-a949-dac6fb32a8e9,Blackrock MuniYield Investment QualityFund
ac9abb9a-34c5-4c86-8340-dff0d51b3b3d,Aegean Marine Petroleum Network Inc.
4b14a959-a80b-42e6-983f-9ac28a263e3b,Astrazeneca PLC
b4a38760-146b-492e-853e-a3569e00f1fe,American Homes 4 Rent
2e716ead-63e7-4bdc-8d40-721a9d2dbf3c,PartnerRe Ltd.
735c4587-d75d-4232-85da-d8902cde572a,"FRP Holdings, Inc."
80fe40a8-1011-44e6-92e6-6967fa934bda,Sotherly Hotels Inc.
ad0a0e37-0300-417c-b7bd-15a5d416511a,Canadian National Railway Company
a8bfc6af-970a-487d-a65e-cf84acd6c188,"Argan, Inc."
0b7310d4-b3ce-4890-a8b3-fe6952ab466e,The Descartes Systems Group Inc.
a6f85991-d61d-4ed2-9e77-8265f6481b4e,Gencor Industries Inc.
5fb1468d-f895-48e4-8a3b-af2c8709638f,iFresh Inc.
f919c88f-6efe-4d04-9381-027288db2e24,Synovus Financial Corp.
7cbd1304-2b26-410d-a5a9-3e8433ca0b4b,Mattersight Corporation
61ac0dbf-a436-473a-95e8-50bedbae7d90,"Conifer Holdings, Inc."
fede2124-f319-414d-bc84-a583d79fcf6c,"Cavco Industries, Inc."
5fb45f43-e9f3-47a0-a5e5-f7eaf06d405c,"Alexion Pharmaceuticals, Inc."
b9f67f48-3e1b-4bea-9fa5-bd9fce363b58,Kinross Gold Corporation
07abd54f-9999-4af8-b8db-de0638a6bf4f,Delta Technology Holdings Limited
1a680393-33ed-4bcb-9da4-b2ef8e10847b,"Controladora Vuela Compania de Aviacion, S.A.B. de C.V."
0bc653c9-e073-4465-a828-5eb2d54e6bbe,Boulevard Acquisition Corp. II
d920045d-9d15-4e3c-a5d0-119ea58b48e0,"RigNet, Inc."
d3a14e11-8a24-41f5-b18f-7127ac283277,Star Bulk Carriers Corp.
52fe345d-7926-43d3-b6cd-bd996634d4bf,Electrum Special Acquisition Corporation
17701f06-c0e1-4070-968a-5c51e0bc30a6,WisdomTree Barclays Negative Duration U.S. Aggregate Bond Fund
24ef02f8-59a5-4b1f-bc40-10148ae92488,Valley National Bancorp
b8efb5e4-ba9f-4434-8549-4bd16bf37a5a,Manchester United Ltd.
034a821f-3ea0-421b-b4e4-da4895be7375,"AutoZone, Inc."
b5d16ba3-9de3-4118-be97-ba6e39d0a4f2,"ProPhase Labs, Inc."
c7b01205-6f92-4244-a60d-8dff92184c29,"Novan, Inc."
8476bd03-e25e-4877-a725-d6676e3bc05e,Vodafone Group Plc
80e084f4-5013-42dc-867f-c8714f2293ee,Blackrock Muni Intermediate Duration Fund Inc
bb0db916-aa9b-404b-9617-27693bb9fa02,"Under Armour, Inc."
1b1e257d-dba0-41dc-8831-7641cbac0496,"Kayne Anderson Midstream Energy Fund, Inc"
421553d9-d508-441b-97da-c5096b507f1e,FinTech Acquisition Corp. II
d58247a1-578a-4fb7-99d1-efdbc5825ebd,"Micronet Enertec Technologies, Inc."
22cc1c0f-2ffd-47e1-b7f5-826231810b50,H. B. Fuller Company
755e8c72-c150-4634-b782-4d44f653798e,BankFinancial Corporation
9b068876-9341-4d83-b289-4e945ff781af,State Street Corporation
d34fcdeb-fdde-4f3f-94d4-8e8cacaa4f47,Ideal Power Inc.
29a8964d-bccd-4627-95ae-a9a5570f53ef,Brixmor Property Group Inc.
799f2497-c0ae-4d9a-a477-445ef7cdf55e,Torchmark Corporation
23cdc7d5-6a8c-492a-a69c-f4e4f18b11f5,Enterprise Bancorp Inc
d5acf648-473f-44d4-8810-8e94c1df389a,Hunter Maritime Acquisition Corp.
c597ab8a-ea3d-403f-9ef9-d4fc5076215b,Vista Outdoor Inc.
65cddfab-32a3-4682-bd81-43f99cec0001,Carnival Corporation
aa07e658-48de-4eea-8d92-ad60649082be,"Crown Crafts, Inc."
a641b59a-beec-4d21-80c6-c37211b9d1a7,First Trust Eurozone AlphaDEX ETF
d8bb4585-7144-475f-9568-ac39adc5ab1e,"Valeant Pharmaceuticals International, Inc."
5416b195-9135-40c3-a43c-e86fc10d299f,Washington Prime Group Inc.
d7abaf3e-493f-4d15-896d-cc52a2e26c01,Purefunds Solactive FinTech ETF
4cb47356-6606-456b-bdf8-5ac001909b4b,TESSCO Technologies Incorporated
9b7de836-a27a-4f7e-b98c-03845ca21b85,"Dorchester Minerals, L.P."
bccc43ef-35e5-4852-85a9-cc4427fcd122,Almost Family Inc
fea52fc8-7e42-4c19-ad40-81f703ad15ec,Opus Bank
81b07c19-1c42-4ad7-8b1f-355ac66d4663,Zion Oil & Gas Inc
8a98beae-72ef-4c35-97e5-a29126e2c480,Costamare Inc.
4adbbf72-fb5f-4032-b38e-78c8bf8a6da8,ArcBest Corporation
bf5bad89-2e0f-43ed-be3a-e672ef275431,"Omega Flex, Inc."
9e31b0d2-a1ee-43bb-83ac-6f5f27a8489d,NVE Corporation
1426fe66-c67e-4d6c-9059-473366122f3a,Arbor Realty Trust
9e795136-bd9b-4698-aa54-a4ff6856248f,Sasol Ltd.
35e34e84-d3dd-47ac-8832-a4f59013b54a,"Mondelez International, Inc."
7aaf1a8e-606d-47ac-a83c-90ea95be6971,"Superior Uniform Group, Inc."
a8b3b1b0-93f2-4714-ad67-d964417a0db9,"BCB Bancorp, Inc. (NJ)"
f88d909e-db13-46b0-b3b0-66f1b1af2207,"bluebird bio, Inc."
22ff03b7-8ef0-454a-bb52-aa5fd9eff1bf,Euro Tech Holdings Company Limited
cba07a8b-f3f0-44bd-a720-bd8062e6add2,"Forward Industries, Inc."
c4aa82fd-b395-4660-95c8-6d50a5aab8a0,Bridgford Foods Corporation
60fffbd8-47b9-4835-b5bf-3bfcfc7e1686,"Aevi Genomic Medicine, Inc."
f99e7e08-305c-490b-8e01-ad887168ef9e,GigaMedia Limited
f28404c6-75d1-429c-9509-95acd030205c,OM Asset Management plc
6843418b-eaf6-4a27-a6c3-cf6fe3a0f6ce,Playa Hotels & Resorts N.V.
c2c94f6a-7c35-4462-8fe6-3db4b3559a63,EXFO Inc
e765044e-3470-48d0-97b1-ab979fe0dd95,Franklin Covey Company
0a52b18f-18ce-40d6-948a-8cb527d21cb9,Tellurian Inc.
3d420cf8-da57-4c5c-bfd3-a63e56513857,"InterDigital, Inc."
23ee6e39-3e8d-4a7e-8a42-e46e4e82e908,Graham Holdings Company
b9116689-d4d8-46e5-9da7-754eafb947e2,ZAGG Inc
841ac046-a6d2-4159-9fd8-cc7b2a6ad1a4,"KCAP Financial, Inc."
c31e20d0-1fc7-4962-b614-00e596954e12,Perrigo Company
fdcce91a-7976-4672-a3e1-4de43461b945,Procter & Gamble Company (The)
4712eee8-baa5-4eae-a28c-264ace3ba1bc,"NACCO Industries, Inc."
e63aba36-a58a-479a-8b23-0716e990257f,"Aberdeen Greater China Fund, Inc."
edcf4a6f-663e-423b-b157-8d42f543f392,C&F Financial Corporation
41190c58-1efb-4e92-ad4d-8fa2dd949abf,"Customers Bancorp, Inc"
ca0832b3-99eb-49b9-a953-3c8d806c789f,icad inc.
a31396a2-8720-4f38-9b90-ed69aa0012c5,"Vermillion, Inc."
3d948ef0-940d-40d0-ac9c-d177dccb8833,Erie Indemnity Company
ed7f2e11-ccb5-4699-b50f-bd28d7d6d98a,Quanex Building Products Corporation
b14ef9ac-046f-4811-bbbf-1d330211ffee,Capital One Financial Corporation
d1414660-2a7e-4e7b-af24-18d2d1e32bfe,"Aqua Metals, Inc."
2844085f-5d50-4ab1-9960-f18fc6f7d018,"MabVax Therapeutics Holdings, Inc."
e02e5e1a-a036-4874-9fb2-328fef7d5560,500.com Limited
8c2cd3fa-78ea-4833-82f9-66dcbb5667a9,Global Partner Acquisition Corp.
00ed702c-d11c-450d-90d4-eeb8ebaea890,"Maiden Holdings, Ltd."
b5c819bb-1561-4d90-b6dc-e9b4f4bedc59,SecureWorks Corp.
3830cc79-54e8-484b-9ecd-c5ff0e7e65c7,Legacy Reserves LP
716cf72e-2e20-45cb-b159-cbc86c70dce7,Guggenheim Strategic Opportunities Fund
8e7ed8be-b1a7-4a9a-a73a-98daa95d3fd1,"Famous Dave's of America, Inc."
41ac5f06-b5a5-43b0-bddd-02488041df76,Enerplus Corporation
94ff09b9-e4b0-499d-b89d-72ab7ec58422,"JD.com, Inc."
163211b1-1d7c-4fdc-8594-0cb854806388,"Federated Investors, Inc."
111fed52-31f8-4910-9328-af15ca8a9dd3,"Opexa Therapeutics, Inc."
9c53b1e9-9dd6-4af9-9c52-546d25514218,Tuttle Tactical Management U.S. Core ETF
5c1c0fe9-e42e-4c43-b9c2-d0b11952221a,"Global Net Lease, Inc."
02c92e5c-bb5e-4b04-9c00-473c2666f819,"BeyondSpring, Inc."
facef6f2-bd95-47a7-b630-296e850cfef3,"Poage Bankshares, Inc."
86ec4f44-9080-4e7e-bffe-9efaad77ece9,Wells Fargo Global Dividend Opportunity Fund
bfdcf4bf-6608-4c3d-89ba-e88fb4beb1d8,Enel Generacion Chile S.A.
982f39f3-f8e9-448a-9d47-b18553e5c57b,"Clean Harbors, Inc."
ccc0ccff-17bf-4925-846e-88e91304eb1e,"Akoustis Technologies, Inc."
022c4389-ff67-4832-ab76-5cf40450cf93,Forestar Group Inc
1df2c6de-1bb4-4cc2-8312-ea06fa8ee880,"Salem Media Group, Inc."
544b240a-08f4-4459-b474-912e8b2d47b6,"John Wiley & Sons, Inc."
5d9b8774-2286-4fcc-a118-36b58197d14d,Flaherty & Crumrine Dynamic Preferred and Income Fund Inc.
6bda4af1-e3bd-498d-8eba-895cdfb42d35,Lear Corporation
745334b0-b56c-4a2e-a5d8-5c42718f5ecd,"Health Insurance Innovations, Inc."
90f7522e-fdb8-4317-8448-14638cfbbffb,Wells Fargo & Company
efa71b3c-c0c0-4f94-9967-7d68ac02adea,"Thermon Group Holdings, Inc."
4e340124-93f8-434b-8ed1-ba7ad8b33318,Jazz Pharmaceuticals plc
32290468-d0da-4059-8ed0-c4a9d63aaf39,"Model N, Inc."
e077e891-8554-4f6f-9c75-4c4a64fbabb3,Invesco Plc
56f0ba98-c8d7-465d-98a2-6c1bba26f826,"Taiwan Fund, Inc. (The)"
2004dadd-888a-4000-8c6a-79e581eea9c7,Sussex Bancorp
b8b804dc-d53e-4577-8edb-47930510792b,"Infinity Pharmaceuticals, Inc."
da55c0fd-82ed-4420-8e6d-e9f23e95cd32,Cabot Microelectronics Corporation
fccf3d28-4436-4139-811e-e94f58d5dff2,CombiMatrix Corporation
cf32f11a-a004-4b19-a8f8-dfc00e2238bf,"PIMCO Commercial Mortgage Securities Trust, Inc."
5f6a91a6-df41-4d7e-88d6-6cc658344fc7,Jacksonville Bancorp Inc.
3b6a3039-f59a-446a-a094-26fbb1f04a3d,Solar Capital Ltd.
e43d2ab0-fa98-4048-aef2-30ae29136cbc,"Cohen & Steers Global Income Builder, Inc."
bb63f484-e489-477a-bd83-27a2f679fa21,Express Scripts Holding Company
70b8d667-eca8-45e6-9424-b994007da6ce,"Maiden Holdings, Ltd."
a067889a-8359-4488-a02e-25ca0e3d8037,"Applied Optoelectronics, Inc."
56f21e91-f8ad-4cdf-a841-a35915a0a5f9,Wendy's Company (The)
74f19aff-08f1-4627-a52d-12cb23cc6b72,World Acceptance Corporation
96667f07-6cae-460a-aeca-b87eca55354e,Addus HomeCare Corporation
0bdcb322-a1c1-4044-a414-9e6e8d3e8698,China Recycling Energy Corporation
853201c0-5f70-497b-95e0-575aa267306c,LHC Group
467d8203-ca76-4efb-81f2-534580bf72e2,OM Asset Management plc
543b60d8-d74d-4bf2-befd-8e9bc7a21f2c,"Sonoma Pharmaceuticals, Inc."
bab66bf6-95d5-4181-a874-78989d7dc4b1,"Hartford Financial Services Group, Inc. (The)"
3c4cfb82-1d75-4237-aec1-0c930f338a19,"Cellectar Biosciences, Inc."
5cf47bb7-7b83-4526-9d83-fc384d72463b,General Electric Capital Corporation
15d566de-406d-4682-b695-9e22c6661343,"Full House Resorts, Inc."
b31fa643-0f27-49a5-bac9-712e5835b49c,PIMCO Dynamic Credit and Mortgage Income Fund
6ed40af7-37b8-4ea7-9b71-766b599fde69,American Woodmark Corporation
32e155f9-1a47-4618-b858-ffb0d5600c96,Crescent Point Energy Corporation
bfaee5ea-d308-4375-bde6-5be700548f4c,Eldorado Gold Corporation
ee09e203-8005-4aed-85f9-533509e25907,Oil-Dri Corporation Of America
8ea1b13e-dd29-424c-99cc-c1ab64fb27b9,Jewett-Cameron Trading Company
7dbdb2f5-b21e-426d-a02f-2562ba2f4ea8,"Forum Energy Technologies, Inc."
8a3590a6-0604-4002-bf8b-2e79663f1e66,"eHealth, Inc."
c7cb5c19-180f-4864-bf03-ccec61b3abe2,"SunTrust Banks, Inc."
52f19d7e-046e-4234-b835-e656ff72287e,"Atwood Oceanics, Inc."
42598ac5-953c-4b28-b1e0-1ad3f15bd711,Cesca Therapeutics Inc.
d03ddcb6-a12e-4dc9-a7d5-517b545a14f1,JMP Group LLC
3b3a94f9-89b0-4072-8a02-c91cd5c71eea,"NCS Multistage Holdings, Inc."
235dfd8e-288e-4695-ad9b-3cd9e611f8d7,"Landauer, Inc."
f2307126-0dbc-4c2f-a9ed-f9eb72a0bf29,Morgan Stanley
02500f87-d48b-477f-b529-d5f87ce590ec,Inseego Corp.
c6e897a1-ba82-4ca4-a74f-386116c4347e,"BMC Stock Holdings, Inc."
1d7e32fc-fceb-4f60-a52d-16126ef6fcee,OceanFirst Financial Corp.
759d28ac-5dce-4213-8705-dd0e48b692b8,LKQ Corporation
f87b6a66-fa52-4d0a-9397-d8739016c4ec,Travelzoo
284532e0-1593-4ef3-8162-f2fff9555e7e,Gold Fields Limited
be898f2f-1b74-4313-861f-62c98f90f76a,Reliance Steel & Aluminum Co.
c4d899c6-e194-48ef-9a6a-19632b6437f7,"Sonus Networks, Inc."
93ca9448-28a2-4ca1-a825-61439f4c6f29,"THL Credit, Inc."
d2d21648-b900-4754-b30e-aa68252a2387,Cushing Renaissance Fund (The)
c6f4262d-76bd-4fa2-9671-dd644b229d38,"Consumer Portfolio Services, Inc."
becba0de-ba7d-4e63-bcd5-ede4b8e8fc6a,Signature Bank
481bf21e-50ad-4e2d-801a-b4888e97d8a9,"Kinsale Capital Group, Inc."
9bcb0adc-37bc-4c71-933d-b8028ded313c,"ViaSat, Inc."
38d14f87-4d25-40d3-81c5-9802579ffcc3,Summit Therapeutics plc
373709a8-157c-450a-8094-81cd46c5b29d,"Liberty TripAdvisor Holdings, Inc."
3f115db9-d213-4b4c-9671-466b22ebe136,Liberty Interactive Corporation
890aaec7-44db-4410-8d58-6b4e11a4bf79,"Guidance Software, Inc."
ac1f4e3c-163d-474e-a769-b9028f32eab7,PBF Logistics LP
fc69f0a8-89db-4770-a57c-532d076906eb,EnteroMedics Inc.
4d7a641b-aca7-4178-a6f8-5857f1ba3f10,"Trupanion, Inc."
e2de01de-5a24-4f5c-b08a-5950f520bd51,"TRC Companies, Inc."
69259fdc-8d76-4d37-bb25-36520effcd1d,Stewart Information Services Corporation
654b738e-7b61-4ccd-9e1d-a97ef02463f4,"SunTrust Banks, Inc."
0e1c1d45-3007-4cd3-9763-61a4da59d9ba,"Goldman Sachs Group, Inc. (The)"
5a1f1d0d-7282-4a83-aaed-70776ec470d4,Nutraceutical International Corporation
a6a768fd-b9bf-4d24-a6e0-e2b35b252334,ClearBridge All Cap Growth ETF
8178b1bf-29fa-4c7f-8889-6da3a7e9d9d3,Rent-A-Center Inc.
07cb3deb-53ff-411c-9e20-d7a3de7aebf9,Marine Products Corporation
0d18bb0d-2c2b-4239-96c3-5a8b1627b2a2,Origo Acquisition Corporation
61d11012-62c6-4eb2-b785-e08fc911c472,"ServisFirst Bancshares, Inc."
2c7f9285-93c1-4a7d-a58d-729626f2aa52,Belden Inc
283699c3-cd27-4440-a9c9-e2f1050eabe9,"PDL BioPharma, Inc."
45192de3-9aeb-47aa-af8a-bc3b1ffcd4b6,"Extreme Networks, Inc."
bc2da141-9243-4cf2-9cc8-b91ee264aaaf,Harmony Merger Corp.
c41f5a51-2843-43da-ab10-b51d47d9db2e,Invesco Municipal Opportunity Trust
28044775-b0de-48f7-a323-117dd048e9a5,"China Green Agriculture, Inc."
d9c03068-4e4f-4ddd-a0cb-9103b487ef2f,RXi Pharmaceuticals Corporation
b0d7a747-2662-4a56-897d-7b805eb58cd0,"GRAVITY Co., Ltd."
f749c9db-d895-4d96-9f91-9e6665c8dbe9,"Under Armour, Inc."
1179e65a-2d5a-4860-b799-87693601e479,Barington/Hilco Acquisition Corp.
aff79c70-6f97-4471-9ffa-8863755c9f14,"Omega Flex, Inc."
c807cfc6-1674-4dab-b307-43997014a41d,"LTC Properties, Inc."
5b57b715-72c5-4baa-8b80-e81fd2e2381f,NeoPhotonics Corporation
1b9ac5df-fe5c-4cb4-8610-024e0e6b0407,Vident Core US Equity ETF
f92f8f21-4ab4-4c22-b8cd-86f6faa79846,AmerisourceBergen Corporation (Holding Co)
37e5de6d-39cb-4307-9561-0bee42dc6462,"Ritter Pharmaceuticals, Inc."
79d9c44f-7ddf-418c-adec-031c9dd4b21e,"Becton, Dickinson and Company"
58bcae46-c442-41e1-af57-b3e147fb9122,Marlin Business Services Corp.
b9cc85aa-aee0-4fde-b6b9-da2c6af65240,"Aethlon Medical, Inc."
aab862bd-b452-4410-9ca4-e248e4b1b747,"ViaSat, Inc."
27aedbf0-d947-4bf2-b959-72938c700eba,PartnerRe Ltd.
b8e9e635-96b6-412d-8f4f-96daa104c017,"Westmoreland Resource Partners, LP"
3a40fdc5-4f13-41de-8bdb-c6b8fa619749,Osisko Gold Royalties Ltd
8eb63dd7-4872-4b67-88c2-8fb6540abe26,Belden Inc
84167ac5-b10b-4784-b4d0-690adb8e67be,Vaalco Energy Inc
4ba10129-f837-4410-a4c7-a450bffd6cbc,Cars.com Inc.
aa828db9-de2b-416b-b96f-8b82a96c5ff5,Medigus Ltd.
850e4dde-28fc-4af7-81e4-1103676fc22a,"Verifone Systems, Inc."
c2b6f7be-5a47-42bc-ab68-5c3206e4ae71,Immune Design Corp.
0f4b0867-29ae-495b-b53c-3d4bcdb142e4,QUALCOMM Incorporated
436e7318-1c64-48ce-9cc2-43f0d683c136,SunPower Corporation
f8b68815-f3f3-46e5-930b-726884545209,Forum Merger Corporation
50d47983-a50a-4cd7-a281-863e06d0d2a7,WisdomTree Middle East Dividend Fund
e2186ec4-85d6-44cd-a8c8-b714987a1980,"Blackrock MuniVest Fund II, Inc."
a67f2c96-c325-47b4-97e4-c7247d9dbcaa,Principal U.S. Small Cap Index ETF
9bb7fb2e-60ba-4c30-bccf-24b6f43af9c6,WAVE Life Sciences Ltd.
eb7c75f1-f721-4607-9d29-94894012fc98,"Alphatec Holdings, Inc."
5ac9d38f-30c0-41f3-b0d2-745c5ea0b2ff,Nuveen Massachusetts Municipal Income Fund
46f6c1bb-e189-408b-b764-c21c93f0308c,"CSG Systems International, Inc."
f84db9c0-31eb-4cf1-b474-d9592d051844,Limoneira Co
fa9b2994-e5f8-4cc1-98ad-13e8fe347946,Northern Trust Corporation
de36df71-d3e1-4839-9abd-1a5c4537c640,INVESCO MORTGAGE CAPITAL INC
ea6bf9d6-133a-4818-a49d-a70f32a4e4d0,National General Holdings Corp
a05f192d-482d-48ea-b6c8-7c0cc2208074,DNB Financial Corp
eaf66c67-1e21-4816-b6f9-301278b0ad4e,"Burlington Stores, Inc."
c5cf0be6-2939-424a-9389-f7d71f7fe99e,"Ionis Pharmaceuticals, Inc."
4738817f-8820-4d79-b049-f24acc8007d5,Innocoll Holdings
412bc6e7-13b8-4871-a21b-b78d6aacc133,"Investment Technology Group, Inc."
39f7f9f6-c57e-4827-bf62-97d0e7cac409,Xactly Corporation
595bb9f1-75dc-4ba7-bdf5-af3597a75627,"SilverSun Technologies, Inc."
6af5e704-ade6-4123-9399-1d04b017519d,Assured Guaranty Ltd.
8b1620c6-fada-4985-80fe-202f0f49d649,Ritchie Bros. Auctioneers Incorporated
8a3049f1-c3d7-4c24-85c8-2a3aa43e0db4,"Watsco, Inc."
2561cdb6-533c-4229-b883-93bc15629e7e,"ArQule, Inc."
d8bb0dbb-0e71-4e2a-90c2-e89dacc106ad,iShares MSCI USA ESG Optimized ETF
1f29dd03-1d52-4bdb-976e-db86712a3022,Capitala Finance Corp.
098b9d85-9fe3-4790-b2c3-553e94c47434,Radware Ltd.
50a892d0-8f09-4691-8ecd-1b5ad9cbfc40,"MACOM Technology Solutions Holdings, Inc."
0a9844c8-4a35-4245-9f69-edb77d6fe5df,"Simon Property Group, Inc."
48d45b6c-bd38-4617-9f7f-302a4a34dcc3,Welltower Inc.
f29379a0-c28d-48bc-8a9d-67906730dc15,Deutsche Bank AG
67853619-1796-49e1-b67a-d0deb3597af1,Medovex Corp.
6e6b0271-c36b-49d6-b7e3-b6b818d109ec,"Chanticleer Holdings, Inc."
9201be0f-8e92-4658-9a0d-71f5a4226f58,"Duff & Phelps Utility & Corporate Bond Trust, Inc."
40ac56c3-b4ae-497f-b4e1-080d76dd63db,"Aptose Biosciences, Inc."
b4333bf1-efd4-4baf-8322-cbeb267fac8d,Silgan Holdings Inc.
70b09bfb-567c-4fe1-8ff6-ba32a5ccaf39,"ARMOUR Residential REIT, Inc."
62edcca4-7d42-4fc9-ba30-19ce715ebb5d,Willis Towers Watson Public Limited Company
3cc051f4-e75d-4af9-8e7e-85dbb6d4e218,"ANSYS, Inc."
031d6a2f-2793-48cc-93bb-bba1698ef5f0,CytRx Corporation
b73a1086-a257-4cbf-8506-7265c928b0e1,Easterly Acquisition Corp.
6c587426-8c67-496a-a9c9-3688fa238a50,Nuveen Enhanced Municipal Value Fund
262082b6-db01-4d93-a8da-0dbca4238a23,Comcast Corporation
4a11ccf5-b6f5-43a9-9b7e-23d449893f94,Nuveen High Income 2020 Target Term Fund
89d216f6-72ba-4fc0-a971-2bff43ebf932,"Prudential Financial, Inc."
e648faed-a321-4dbf-aa0e-16ba8656594f,PetroChina Company Limited
2ff8e2e5-79d0-42ef-9355-f9b67f8ffd47,Marlin Business Services Corp.
86fd2b16-f3ee-438b-bfa5-e4133c5be2aa,First Trust Municipal CEF Income Opportunity ETF
f5cb5fd5-0736-47cb-a796-30fc32fcde9e,"Regeneron Pharmaceuticals, Inc."
7e0bf514-a40c-4f8b-a9ac-fe5bab137620,"ImmunoGen, Inc."
2aeb77fb-ecc3-42a3-b7ed-dc6bdbe7be43,Tellurian Inc.
8c2adef5-a73f-4b0c-9400-c959d153a94f,"Flowers Foods, Inc."
23e11c82-abbd-47d9-903f-c031369db8a9,"KBR, Inc."
c860794d-8128-4677-9311-6cf32734c636,"EV Energy Partners, L.P."
e841f082-3418-4156-aeb0-c4d96731ebc7,"Prologis, Inc."
e5051bed-8c6d-4975-9782-36a6ca8bfbe8,"Ambac Financial Group, Inc."
fd139dc3-4173-43bd-8c8d-62b11267c0ec,Hudbay Minerals Inc.
361f9292-3bed-4b64-a72f-d3ab6c22fc05,Seanergy Maritime Holdings Corp
afa4d531-4d6c-4d71-a44f-bdc988995b75,"Guidewire Software, Inc."
ef091e57-4d6f-4720-8c48-3041e930eae2,"Beasley Broadcast Group, Inc."
480db935-9b9f-48f3-8a3c-01bcb5a72dda,"Miller Industries, Inc."
f7da0ca7-7278-482f-8b51-ee34e0de53a7,Barington/Hilco Acquisition Corp.
57938f42-36bb-4215-96ee-4454a2cf0940,InterXion Holding N.V.
0c918a3f-946a-4c5e-9edf-03f26edd1871,First Trust Japan AlphaDEX Fund
b639755d-be4c-4a55-911a-45a7002d164e,RPX Corporation
4a365ca0-eba4-46d3-8d40-b492b51a4050,Terreno Realty Corporation
a6ea08a1-351d-452d-bebf-ec10c648b9f0,"FTD Companies, Inc."
fe20ca56-c89f-4670-8352-114c5e0e2a87,Brookfield Business Partners L.P.
e913e4ec-a284-446f-a7e0-fe296f5c1f06,Peoples Bancorp Inc.
b6be7799-2dff-43ca-8e86-4f6166948849,Textainer Group Holdings Limited
d1502655-32ee-4a54-a894-015f06a59a44,PIMCO Income Strategy Fund
c8ae8666-601f-42c6-97ef-41b023a13ded,Time Inc.
b74d095f-3088-4afa-8f64-e9f1c6c49e13,"Black Diamond, Inc."
4e897a4e-c747-417a-b112-496447960fbc,Sphere 3D Corp.
7efd50d0-af37-4bf9-8b16-411f88d690be,Wingstop Inc.
3654f214-74da-484d-b314-5761d3cc4418,Vanguard Russell 2000 Value ETF
4b5542b4-282b-4dc9-b379-ff8b80c9f167,Vanguard Russell 1000 ETF
577b8aa1-1904-4535-8b96-54bc5e6de6ce,Dataram Corporation
d310f2eb-ec8c-4160-b52a-ffc56843bc0f,Brainstorm Cell Therapeutics Inc.
2c98da17-3e92-40c8-bed7-21f4c3f2f1eb,Future FinTech Group Inc.
2d2e6d3f-9daf-48f6-bed7-89b9cdb3cfc9,Kewaunee Scientific Corporation
1f45a279-851d-4572-9594-1f0927f8dfd4,Scorpio Tankers Inc.
144fc1e2-99e3-4240-a044-675fc6facf1a,"American Public Education, Inc."
fb32de94-ffdd-4e91-9337-f4e2d644c116,Liberty Media Corporation
e7989436-46b0-4f8d-a004-362d965ea362,Cemtrex Inc.
22a21f44-9373-4fe1-93ab-faedd3756920,X-Links Silver Shares Covered Call ETN
7e98320f-20a5-49ee-89b8-effe2a22a99b,Huntsman Corporation
90d6ed08-b36e-4b54-af81-2fff34186d72,ICICI Bank Limited
ec84ca2a-8371-4243-8eb6-68f48a79d130,BioMarin Pharmaceutical Inc.
5d40eaac-43d7-4cbd-a680-7595f587d915,USG Corporation
4dc6ef7d-9401-4e09-8667-5573f45956fb,Advent Claymore Convertible Securities and Income Fund
f4c28ecf-73a7-4d55-b8f6-604930c1e391,"Corium International, Inc."
280f7c1b-f60a-4c47-ac19-884d238f224a,Origin Agritech Limited
8f2c6098-1ca7-47d7-ad50-e020fb86ba7a,Smart
787a59ab-b5f9-4303-ad7e-8f30434c8289,"Fulgent Genetics, Inc."
6f8a32da-28d4-4a0f-a5df-dde3d1ed4493,Bioblast Pharma Ltd.
489629a4-1538-4899-a289-c5012dbbf677,"Goldman Sachs Group, Inc. (The)"
f688b53e-f24a-4d47-bce3-eacf96752d75,"Chiasma, Inc."
c34ae603-9c0b-4121-908a-8175cef7decb,Pan American Silver Corp.
5fb9ed12-e37a-45bc-8a11-7dbf12908c9e,iShares Morningstar Mid-Cap ETF
791a5d47-208e-4d3b-a0ec-0932b6da4058,"United Fire Group, Inc"
814692c9-5a8f-45f9-91dc-b17c2eca34df,Petroquest Energy Inc
e9be7929-439f-44cc-a1fa-e63dea8f20b7,Eaton Vance Corporation
d42cc3ba-1f97-4874-93ce-02bd41396ce2,"Selective Insurance Group, Inc."
698ea91b-ec10-4e76-899e-facce9d16cbd,"Bellicum Pharmaceuticals, Inc."
84759f53-6743-47cc-9227-e475f5f0951b,Perion Network Ltd
3cdaf392-ed15-4a2e-a1ee-b3b121fbf812,Hyatt Hotels Corporation
348bdbaf-b218-47f8-b131-5e828fca5443,Oxbridge Re Holdings Limited
9bc1625d-8b53-48a2-a8a6-0e112bf8f997,"LendingTree, Inc."
4f9282ff-0528-445f-98fb-1fc5db556561,Capital One Financial Corporation
7b57a5ee-7441-4d6e-8897-38ac563870dd,Federal Agricultural Mortgage Corporation
6706cdc4-48f4-4323-a8be-33d5a7530e42,Northwest Pipe Company
51beb1b8-3d75-4ac6-b1f8-58987b43ed7c,"PFSweb, Inc."
318272db-a1c1-4dbd-89b9-647925008206,Eversource Energy
698dbf1c-fa16-4cd0-9f4e-ae237045de85,Quanex Building Products Corporation
acd18eee-a648-49f6-b9f5-a4f5a3d1b868,"Retail Properties of America, Inc."
daf94888-ec33-4df6-ab93-f5cc39a5219f,"Motorola Solutions, Inc."
66d77b98-0999-44cf-ade6-f34d45d54d75,BlueStar TA-BIGITech Israel Technology ETF
a9d847e6-0219-4890-a606-97e71c9dfe06,Elkhorn Commodity Rotation Strategy ETF
4d5173c4-2443-496d-8909-1e2b35e57cce,FelCor Lodging Trust Incorporated
3bb57655-2a33-486e-860e-40aff27628fa,Murphy Oil Corporation
9ee21918-46e9-4733-81d8-3778adb1b00d,MTS Systems Corporation
713abbf8-3c5e-4a42-9675-d0edd6a43b30,"Gulf Island Fabrication, Inc."
9c2190d2-7c3f-435a-b6a8-5ba74a6f7053,Interstate Power and Light Company
3c56ef0c-d7f4-4688-8c05-bc0dddbf6ea0,3M Company
0e111df7-abcf-41c8-992c-09e91e277d93,The Health and Fitness ETF
c1320bd9-ff45-4818-9091-bec38396ec35,First Trust Mid Cap Value AlphaDEX Fund
8283e01c-b971-47eb-9d8d-a8ad03328d65,"Summit Hotel Properties, Inc."
0ae7a8d2-5ae8-41e1-a730-8a84a8d7e4a2,Western Asset Mortgage Capital Corporation
de7309b0-84c4-4bb0-bedf-6b65627ed73e,"Warrior Met Coal, Inc."
43097e68-7590-4034-a372-c43730a36a98,Northern Trust Corporation
52047ed6-7c71-436c-bfba-2e99f7fb30e6,Flex Ltd.
82eee4a4-e4bb-4bd1-9041-1b4014506f6e,Rexnord Corporation
cbd79bed-38ea-40f7-9b36-97090755ded9,"Malibu Boats, Inc."
5583d2b2-bd70-4660-8ec7-ef8f8d013b2c,"Blackrock MuniYield Quality Fund II, Inc."
94ee2661-63e7-4778-a56a-cb7d2fde56ad,"IDEXX Laboratories, Inc."
3c9752de-e6e9-40ae-b228-f2e431cb99c1,National Energy Services Reunited Corp.
35bdf3ba-96ff-44aa-a5c7-26fe2bde7fd7,"Thermon Group Holdings, Inc."
bf921cb5-f72a-48a2-99d6-aced62a36a91,"UMH Properties, Inc."
096af422-6160-443a-b94c-466ec8b4e0a7,"Lazard World Dividend & Income Fund, Inc."
653c94f0-abfd-43f3-a057-c4fe440f6e91,Canadian Natural Resources Limited
cb34f645-49a3-4931-82a5-6a6776bafe1b,"Cedar Fair, L.P."
e3de5fa0-ba97-4250-993c-2f3fc168bb91,"Hartford Financial Services Group, Inc. (The)"
5861a5e2-9869-4479-872e-bab9f51f51c3,SandRidge Permian Trust
03ddfcd2-d985-4511-9cee-afb9463a73c4,"National Western Life Group, Inc."
d9c94f03-6a6f-47cb-9ceb-b52d14588167,Equity Residential
ef759639-e280-4523-abfe-a3413fe06fbf,"Anthem, Inc."
a30fbed1-979b-4e08-94dd-3daf3a4da7c7,Mosaic Company (The)
dff104d7-e6ec-4ae0-8dda-fe544222e2c1,Qiagen N.V.
ff258c77-aac9-4a6e-9756-27825cb4c241,"Akebia Therapeutics, Inc."
4d880ad5-11c6-4d83-b51c-2d9a239212cc,"South Jersey Industries, Inc."
eb45b363-404d-40b0-87f0-8ee64b50ff4c,Matthews International Corporation
2c3d9dbe-bf47-4c4e-9db8-ce72116ca929,Blackrock MuniYield Investment Fund
7160a32e-e8b0-4dc0-a816-c1dd9f631ffd,"HomeStreet, Inc."
b7130f81-fc7c-42db-8016-e135a15b145a,"Western Gas Equity Partners, LP"
dedfd73e-e69a-48fe-801a-20c24ad4a09b,IDT Corporation
8d636d08-6559-4eab-aea8-06837586ac42,"Western Gas Partners, LP"
6f986030-77ea-471b-b48c-e4f7d81bd7a5,"Orchid Island Capital, Inc."
6e3441c8-aaa1-45ed-83aa-d051596b6adf,"UMH Properties, Inc."
4a5b22cd-63c0-47c8-9d0d-a07712a592ed,WNS (Holdings) Limited
ad481170-4d08-4669-8d9c-b31705226ead,Cato Corporation (The)
e8a8f83e-3d05-4a52-8a59-010fa5ac66aa,"Prudential Financial, Inc."
f29ba9c0-0bc2-4679-9d8d-b52599a9843d,"Prudential Financial, Inc."
30431583-01ce-4b0a-91d3-c829291187b4,Colony Starwood Homes
6303687b-e9f0-4cf2-944b-719b3d61e89a,"Sevcon, Inc."
251b11dc-f10d-4b8a-bdf1-737320b58212,Forum Merger Corporation
85f352a3-2468-416d-aa53-c0421d90a296,"The Navigators Group, Inc."
272da7d9-59a4-40aa-bc6a-79344dea6a5f,American National Insurance Company
3c3e3d97-010b-4c7e-b696-0936a34e413d,Brady Corporation
e6d98c93-6b91-4788-8536-c2d7da2fb50f,Simmons First National Corporation
618bc751-3418-4dc1-b449-52537d0d9600,MiX Telematics Limited
33a2d4bb-fe56-45c9-b0d8-0d1c0a113191,AquaVenture Holdings Limited
5f095cfc-834b-4193-a128-f6218cf6f217,"Prudential Global Short Duration High Yield Fund, Inc."
e4294c47-fc06-49c3-babb-282e0aae281d,"Lands' End, Inc."
73e05015-9240-4a8e-8c36-acb1bbd8e9c4,"Overstock.com, Inc."
805ee7ae-c192-41cb-a696-d92614188835,ArcelorMittal
97ca1941-0edc-45c7-9d43-ce43f6945abc,Arcos Dorados Holdings Inc.
2cd0b365-aedd-4a22-ae82-72b784372e75,Citizens & Northern Corp
7e4fc008-7388-4533-9379-e758f6c473ea,Blackrock New York Municipal 2018 Term Trust
f2b6b2be-e62c-4d53-82bf-d2c60f945a65,American Campus Communities Inc
6d4cb075-3716-44fc-bdaf-8e6dd658135e,"Mizuho Financial Group, Inc."
2f6df91f-4ebc-429c-bace-1ee822d62c89,"Motorola Solutions, Inc."
c083882f-6ecf-43e9-a05b-b4ffdbfc5789,Advantage Oil & Gas Ltd
17158648-f37f-4ea1-8669-6ac49a0e8f61,"Bay Bancorp, Inc."
cfad9081-ecfc-437c-9460-54bfc43f9448,PVH Corp.
8f985bd7-c7d9-4a5e-95b7-d7d79fd99e0c,"Ctrip.com International, Ltd."
b87c9da0-0b27-4325-b44a-56a86b1bcb79,"Radius Health, Inc."
b6d12c9f-3b67-4090-a910-bb458c278c76,Teledyne Technologies Incorporated
c42d83af-bc90-4c03-b560-c2a9278fde78,DTE Energy Company
76897898-0e3e-45b1-9d4c-15014f9b454d,ESSA Pharma Inc.
a6922f26-eb3f-4548-b1d8-04848064481c,Retail Opportunity Investments Corp.
13225602-3362-42db-9777-cd1f546567f5,Las Vegas Sands Corp.
a399f748-9843-445d-8622-2451cb5b89c4,Companhia Brasileira de Distribuicao
827c861e-e0cc-471e-9f62-0e51a5b33458,BlackRock Income Trust Inc. (The)
76776587-7af2-482d-b130-802fe5518b57,"Willdan Group, Inc."
bcfafc7c-3949-488f-bcde-bb087db29c60,"GTY Technology Holdings, Inc."
51bda1e7-212b-4827-8ed2-a5c0375609e2,Smith (A.O.) Corporation
9be0d8e3-affe-4ea5-a11e-0f977baf90c0,"Sunstone Hotel Investors, Inc."
40b2b2e3-f684-46ee-bb2b-168421c20863,Gabelli Utility Trust (The)
6be03082-7e8b-4a95-81ed-3e8c71e08b99,"PowerShares QQQ Trust, Series 1"
12341608-42ad-43f8-92c5-21063546d3b5,Zions Bancorporation
f8baccf5-5b6d-48a9-b0e9-97d33b9561ac,"Discovery Communications, Inc."
aebdf0e2-1a5d-449e-8520-f5dd10081acd,Graham Corporation
939dd637-792e-4cc2-9d23-6af901eaab0f,"PGT Innovations, Inc."
5073da50-62d7-478f-89fe-020368fef89d,Precision Drilling Corporation
75362f03-d296-4b58-9c93-4ff3b6aa3c51,AbbVie Inc.
dd108db6-9b49-4e1d-83f2-dc43c218a23b,"JD.com, Inc."
7481376f-e837-4071-a252-06caca15e5a3,Gafisa SA
ea4b65b4-7cda-4992-8224-673e2a71b3a6,"Verastem, Inc."
2f24f064-c13a-4209-9a84-036b344090a8,"Mattel, Inc."
f8bbe50b-976a-4208-b567-ff0d5db32e37,"Royce Global Value Trust, Inc."
f1861878-e7cb-44a1-a81b-0810d78e4e9e,"DHI Group, Inc."
d8a5af76-78eb-4259-af84-5a6766016168,"Aberdeen Greater China Fund, Inc."
205200f6-02eb-451e-a3eb-3aecb79d2efb,"Greenhill & Co., Inc."
2d83f076-df85-494d-adf7-7f8b4b1964fe,Seadrill Partners LLC
b3a2ca79-a768-4ea8-9d24-ab8a5addd106,"Bloomin' Brands, Inc."
d21bc80f-885a-4a62-9262-8b2a5ed1b640,"United Parcel Service, Inc."
e1b72952-feb6-43de-b792-3bc329751ab0,Nucor Corporation
11cd77ea-9faf-44e3-952a-b44a1125dee9,"Stericycle, Inc."
f13b165f-2099-4ca8-afcb-498aac29a49f,Eaton Vance Short Diversified Income Fund
d634ae9f-b6b6-4299-a46c-657aaa3b1ae6,Immune Design Corp.
f434e0de-9534-4ec1-809c-089393e0c0c6,CytRx Corporation
ccf02e95-0762-4c9f-9a8a-3a03a39a13c7,Nuveen Preferred and Income Term Fund
c3c98086-9bb5-49b4-a936-95ef4e0cdf97,Toyota Motor Corp Ltd Ord
47ec7983-7e0d-4051-ab70-df672085776b,EP Energy Corporation
a80a7859-455a-4776-89c5-7986990676e0,"MabVax Therapeutics Holdings, Inc."
63a33436-8d11-49df-849a-62adc71d7aa7,Noble Corporation
a78e3f6f-837f-417a-8c44-4a1122992b31,Veritiv Corporation
ce52d841-b511-47fc-8070-4e7698f9d1b0,"Life Storage, Inc."
c0006604-4b1f-4404-b9d8-b11ca777abca,Belden Inc
ec1ea8b9-f39b-445a-86ed-b6cdb3b4b672,"Old Dominion Freight Line, Inc."
5c22f82c-3f57-4a73-8d3a-905387a63b48,"Juniper Networks, Inc."
dfde9023-1ebe-4a64-830e-d9728edf6afe,Chemed Corp.
78de9e06-e394-49ea-abc8-fb18da76fa36,Costamare Inc.
4c159030-fc46-48fb-812d-23db8d4b75b0,First Internet Bancorp
ac4fed23-fb8e-41f4-a3d5-c93963bd1183,RPM International Inc.
2b052a15-c9cb-40c3-8c3c-707c86a72597,John Hancock Preferred Income Fund III
fb7479e4-6fe9-4658-b858-fec904ad8925,Kosmos Energy Ltd.
2542ab5b-95f5-43dc-b689-0f8d3d8b7e0a,Bank of America Corporation
6333fde4-d475-4374-a468-585c9e4efe5c,"Health Insurance Innovations, Inc."
dddb3720-33cc-4361-8440-7e78b803f517,First Trust BICK Index Fund
63f23f9b-1430-444b-91f1-aa1dc3d64e82,"Raven Industries, Inc."
ffd4005a-f4db-4034-9263-6b33cdd93e05,"Southwest Bancorp, Inc."
7109a883-69d1-48b9-ba0e-a60742f7cb2c,"Automatic Data Processing, Inc."
1c516e15-5c6c-4e2d-9fa2-cf9ac0652c2c,MSCI Inc
48c1bb5c-02b9-4705-b3ab-c7ee11434928,"Real Industry, Inc. "
71099f45-2a91-4353-9c34-f0814264b46a,Xinyuan Real Estate Co Ltd
8ed9018b-49f8-4854-86a4-915340d92537,Elbit Systems Ltd.
b2c608e3-37dc-4569-978e-ea76866f0473,"ConforMIS, Inc."
4441659f-a301-416c-a015-39f1dea6bc3c,"Merrill Lynch & Co., Inc."
be77e745-db47-4588-9425-7b591eaa1262,"Meritor, Inc."
75e7130b-5839-42f0-856f-20bf09153544,Federal Agricultural Mortgage Corporation
d58468f3-b0c7-4d93-8d8e-775556281343,AMC Networks Inc.
d162156b-f702-4c9b-8ede-19f4816531cc,Gigamon Inc.
a6242567-737b-4f69-8c72-25753260ad25,Stellus Capital Investment Corporation
e9018ae0-13ac-46e5-ba03-7029d09ce7d9,"Tahoe Resources, Inc."
003e49de-a746-4dc9-8678-d50b232f8b81,"NRG Yield, Inc."
bd8ed869-90af-44dd-9e0e-b8d1e26caebe,"RCM Technologies, Inc."
56c0c393-bcf0-40aa-af03-1362792eb6ba,General Electric Company
24490830-44bd-41ca-afd4-dbe81c067c93,"CAI International, Inc."
9074e736-2774-4d57-ab38-859f010952af,Fair Isaac Corporation
19660eb8-d326-4177-b6c3-5ff55afd8182,DoubleLine Income Solutions Fund
b5d84b6f-bfdb-42bf-a975-cf4ca14bf073,Double Eagle Acquisition Corp.
68f0d33a-5540-4f16-9ab1-a5cce3795813,Ashford Hospitality Trust Inc
213df7e9-12b1-4275-ac2e-32a3653032fb,Teleflex Incorporated
0480a9db-0aa4-4c25-bd1a-3c89d602c9f7,Telecom Argentina Stet - France Telecom S.A.
c89d13dd-069c-4694-b718-15e4176f2bdc,Eagle Point Credit Company Inc.
8d4ad75e-9516-4224-9581-8f4db9b45615,Terex Corporation
9862ff4d-d3d2-437c-97fa-a69e5cfd22e3,First Trust Nasdaq Pharmaceuticals ETF
9549a52d-b33c-4c49-9f72-5d8b057351ff,"Ameresco, Inc."
c8f6128f-744c-4f9d-a57e-b1439afe7890,Teekay Tankers Ltd.
dea22b49-a142-4c85-beec-06535e6957d6,"Oncobiologics, Inc."
7c86642b-a0d7-400f-af4f-39f992288f67,Nuveen Preferred Income Opportunites Fund
f189c05c-6159-4322-8a92-5e197dfff7c0,Physicians Realty Trust
07733333-ac24-4485-9c86-27a9f23f96e9,"Alaska Air Group, Inc."
24a40aee-9073-4939-9bc6-51cc5d9540e0,Fortive Corporation
4b91e689-b036-4aeb-ac63-ce7fb118f447,"Bancorp 34, Inc."
689b0e42-3506-454c-8f46-79f4a0f8d9ef,"China Automotive Systems, Inc."
51c7894b-e935-47ee-b425-bc16106268f4,"Tesla, Inc. "
2d48c6c2-69f4-41bb-96c6-a9718d22f1fc,Pacific Premier Bancorp Inc
1f781087-8470-475e-a8f0-203136ac7362,Citizens First Corporation
97dcf2ea-2c9f-49c9-9f48-ff8a73ee2b7c,Turkcell Iletisim Hizmetleri AS
9e7357a3-9b46-4a88-9829-755ff00cddf4,Yahoo! Inc.
9cb287b2-7ef3-4fdf-8f5a-807e815743e3,Golden Ocean Group Limited
aa8ce349-3d13-40c6-a145-9323ff8ff728,"MEI Pharma, Inc."
c5c25049-8e63-4e61-81ad-baa18692ea18,China Unicom (Hong Kong) Ltd
5c352de7-8b6b-4e53-9cc0-d1f01eac02b8,Vanguard Russell 1000 Value ETF
ed4eab75-e949-49e3-bb9b-c57e836656eb,Citigroup Inc.
cf454312-8511-4dec-96b4-cb50803da5d1,Kinross Gold Corporation
44c85b30-19cb-4d65-bbf5-ce83a3ac0263,TriplePoint Venture Growth BDC Corp.
a3d169e0-6c15-4595-b126-eb47d62a5cda,AirMedia Group Inc
038219b7-6647-49fb-918c-9ef558e3dd87,Adesto Technologies Corporation
905c6668-ef4c-4ac0-a8fa-524b69773663,"Cogent Communications Holdings, Inc."
a863e7ea-6c39-4604-9589-0a62d7840f42,"Cyclacel Pharmaceuticals, Inc."
28468dd2-9167-4baf-a61a-c03ab8cb0c39,Ashford Hospitality Trust Inc
0b40ffef-ae21-46a8-b72b-a18a5c6b76ce,"SeaChange International, Inc."
641c1ec1-8351-4996-abcd-5173fae87f29,JinkoSolar Holding Company Limited
3b65a5a8-5441-458a-9ce9-138d5006b144,Entergy Texas Inc
e7456a98-db13-499f-b626-c72af8922292,"Sears Hometown and Outlet Stores, Inc."
2df5318e-25e3-440c-bd10-1e04e5ba1eca,LINE Corporation
bf1d109c-7f8b-470b-812d-bf6d1e6ee4ab,"Blueknight Energy Partners L.P., L.L.C."
c9040c58-dae6-41de-9702-fdf94e9e7d58,Huron Consulting Group Inc.
5ede54a5-7f82-49bc-931a-8f275d2dd493,"Rockwell Medical, Inc."
71122ea0-b20f-4aec-bb1c-f148b8f7d922,Gabelli Dividend
d15a34d8-4794-44a8-a78e-ce844b2be7c5,Nektar Therapeutics
39939396-6931-4492-903a-ec5343399111,"ClearOne, Inc."
8e1b8478-3eb1-47bd-bfd2-5e6759344546,Medley Management Inc.
bb7c5047-5369-4614-9848-30c4be050b7e,"Kayne Anderson Midstream Energy Fund, Inc"
ab6fbdfe-5234-46ba-8f67-ce3348ae5555,Carvana Co.
4241767e-276b-4711-8a95-9e095ac7499c,Dynagas LNG Partners LP
753845e9-058c-41fb-a339-11aa905d0984,Legacy Reserves LP
ecde59f5-22f1-41e7-9d37-77bae44cffca,Guggenheim Enhanced Equity Income Fund
09a74fbe-d801-4169-a708-90667c08cdb5,"Core-Mark Holding Company, Inc."
4d4fd494-aa56-4c73-8592-8be4fdc5b2b7,"Maiden Holdings, Ltd."
7dc573fe-2be7-4fc7-93d4-c20b2982b5a7,"NextEra Energy, Inc."
794200e0-366e-4826-9676-b5c69a00582e,Cesca Therapeutics Inc.
e4963289-bc17-422f-b513-c9dd69f15e10,"Evolent Health, Inc"
09329a70-433c-41ff-b172-3f1cba257cbe,"Host Hotels & Resorts, Inc."
65926a2c-1678-4ad6-bc4e-9b5c09a2482a,"Safe Bulkers, Inc"
eb59b141-6b3c-48de-bd84-0b837db32b94,Costamare Inc.
de5be26c-e0f6-49de-902c-be0966710c79,Capitala Finance Corp.
f2c36f36-4676-46ca-a75c-7fae8999d53a,Wells Fargo & Company
770b0877-08f1-4be6-8f20-60c431dd472d,Franklin Covey Company
3aa0b0a5-11b9-48a1-90f6-b0b7f512676f,"M I Acquisitions, Inc."
cb753232-3d64-4657-9e19-28cc7a612d29,"Dover Motorsports, Inc."
ea45eaa3-fb54-4d20-a411-fa8a2d164f32,iShares Nasdaq Biotechnology Index Fund
be951647-c2e8-4c3e-bba9-a70dc897a0a4,M III Acquisition Corp.
3f26c270-27d9-4dcc-b9b4-f48b97619e94,"Williams-Sonoma, Inc."
72f2ea72-27c9-4f20-8cd6-6eb4873d1087,Weatherford International plc
ba7452d1-3673-4cc5-8e53-ac1efbd6c809,DarioHealth Corp.
e036f92d-3f71-43e4-828f-c222b79c8666,RH
c89977f9-6c8e-4b00-9270-aa42e8027549,Cellect Biotechnology Ltd.
a8b866a5-59a7-44dc-9231-4580b098caee,"Prestige Brand Holdings, Inc."
b964bb56-4866-455d-bc5f-5a0cbc8c73f5,"Evolent Health, Inc"
e1e2ef6b-3ebf-4ff6-8191-4b5bf7626cae,Guangshen Railway Company Limited
0a525da3-df2b-4776-8419-c0a9e5a71b6f,Wingstop Inc.
5187b995-51d5-46c8-85df-d22ca8861f62,Lincoln National Corporation
6816a3c8-6048-4bd1-9de2-35b3e19093bc,Civeo Corporation
97a18695-6df6-47c5-890c-9dd540a72828,Flaherty & Crumrine Preferred Securities Income Fund Inc
0ecf8a92-e440-47f1-9764-9556f6277fc4,"Xenetic Biosciences, Inc."
7730f87c-4d5f-4074-a2a9-8f1e1f614f54,Monsanto Company
83e029b2-a56c-43be-b558-d9fefe591546,Barclays PLC
11584640-67e7-41d2-9e76-34526e543dfe,First BanCorp.
206d4ccd-6eb6-41ed-9547-fd9c9205c229,Investors Real Estate Trust
bd9930a5-01cd-47fd-bd65-a4fe49e0759e,Navios Maritime Partners LP
9613f137-dd20-4a1a-804b-8fb9d95a0b1e,"Lakeland Bancorp, Inc."
071ac608-69d5-4300-bb7e-ef5ffd018f69,ePlus inc.
2aafd73f-8371-4d79-84ef-c9f5fe4952f9,"Walgreens Boots Alliance, Inc."
5636db24-2db8-45d6-ba72-d9bd7fbbf2ad,"Alimera Sciences, Inc."
4478635d-b17a-4a11-82af-e7a4047315c3,"Veracyte, Inc."
54d4a8f6-7752-4901-9695-940d29cb50ea,BiondVax Pharmaceuticals Ltd.
4ba5202e-154b-4be6-b840-174c94f7c9d0,TFS Financial Corporation
25efe147-1a96-4df6-898f-d641e9b81f02,"NRG Yield, Inc."
a1488836-5217-4ce6-9122-b016f96f032a,Nuveen Enhanced Municipal Value Fund
b5b98231-c7b0-4500-9b1e-6d03b811439a,"Sajan, Inc."
38b50c9f-bbc0-4d6d-8cfd-ce4bf2bc6c1b,Comtech Telecommunications Corp.
85111966-0c4e-437a-9f2f-e1a8d4417110,"Stock Yards Bancorp, Inc."
0d5981f4-1afb-467f-9599-2db101c94546,Harmony Merger Corp.
47d8c248-660f-424d-8b08-667f8386e8bb,"FCB Financial Holdings, Inc."
8f38722a-c3ac-40b2-a241-61d0faa17cba,"PennyMac Financial Services, Inc."
fe3f6c4d-cf13-45db-87c8-909151718383,"SharpSpring, Inc."
58f4f16b-9486-415e-a5db-0355856a00d4,Ampco-Pittsburgh Corporation
5dc140a1-0400-4d1c-a1e3-2a82a501dc87,"Halyard Health, Inc."
9720a02c-f1bd-4e2f-9da2-6858f7c829a0,ManpowerGroup
e27de140-7748-4078-9f39-834a44c5f805,VEREIT Inc.
79db4faa-e20e-45d1-a784-a254a5c94672,"PCM, Inc."
a06a1d9a-a98a-4856-8c31-19cae56e6af4,Federated National Holding Company
db92fb60-a135-4574-b970-f5d7d1243c99,J P Morgan Chase & Co
d761c140-bbc7-47d9-a0fa-d3e22af710a5,"Asia Pacific Fund, Inc. (The)"
c5b7339b-8419-4609-ab5d-9146c8dc4964,Weingarten Realty Investors
f04a6bb0-e354-4b3c-848f-7a3877b336eb,FB Financial Corporation
01867ab3-b9ff-4778-a265-c5a6e8725a46,Dollar General Corporation
7d33badd-fd3e-43b8-a493-28e318d9ccac,Rocket Fuel Inc.
8dacfeaf-4b25-461e-8b09-5cb9bdfcba0a,Nano Dimension Ltd.
77454399-6f41-4444-8075-1031a85b1f30,Synalloy Corporation
c78632ed-9683-4efd-a313-341a85b00835,Viacom Inc.
6c1e672a-a410-4de4-a873-fef32903a015,Crestwood Equity Partners LP
c7d17457-741c-4967-b240-04c3f87a3054,iPath US Treasury 10-year Bear ETN
486ddf36-1761-4fde-bd02-ba4e096c119c,Eastman Chemical Company
6683bae0-3075-4ccb-b9c1-36ff2542bf0c,Stantec Inc
738e2660-2067-4097-b82d-4f9d080b6880,Coty Inc.
a3e0ec30-aa74-4941-bd53-6233db6ed219,"PNC Financial Services Group, Inc. (The)"
060d76c0-3f28-4396-946a-96f26529b6c2,Iron Mountain Incorporated
67c0fd7d-eb95-4986-8d49-82cf7735c62d,Invacare Corporation
37b185a6-2f09-4934-9dba-b1c90bdee246,Sociedad Quimica y Minera S.A.
2a2309ef-1c35-4b3b-a030-9e503cb9a7a8,E.I. du Pont de Nemours and Company
0d16236f-da8d-4bbb-b77c-b306daaf2d49,"LegacyTexas Financial Group, Inc."
95ae63d6-b947-49df-a941-cf9522fcb471,"Corbus Pharmaceuticals Holdings, Inc."
fa798d8c-6aae-4480-bc85-221444ef1f8b,"Fuel Tech, Inc."
68e22363-f4b4-4ca4-846f-5204731bd9dc,San Juan Basin Royalty Trust
86a9d678-4c17-462d-9e87-6da635157a80,Deere & Company
41106542-97a6-4b29-aae8-aab7bda7b6e7,"Liberty Expedia Holdings, Inc."
f44a96e5-2934-4de8-8ade-14d84cd7bbb7,"root9B Holdings, Inc. "
f2a58701-6098-4a22-af83-8f637a6dcca5,"ARCA biopharma, Inc."
88ba4d78-29ce-49b4-920c-e16a02eeaa04,"Ramaco Resources, Inc."
e6a549e5-e606-4666-bb83-ecc1cc33000e,Crane Company
9a7156ae-244f-4d5b-b2b2-b081066c3e28,"Raymond James Financial, Inc."
3ea10666-affa-46e8-ac6e-c65160f95cc9,"Natera, Inc."
c5323194-98c4-4da6-9827-cf84d33bce9f,ClearSign Combustion Corporation
8c11461d-d361-4d3e-bf26-9a84268fbab4,"Capitol Federal Financial, Inc."
270a77e4-e8d8-4910-a8a8-fadebf58f957,Quarterhill Inc.
198af382-a418-4e7d-b9f5-630ef8db2542,"Gamco Investors, Inc."
72f165f1-d6a5-486f-b1e2-2cbdc13cf3f5,Select Comfort Corporation
73e0d633-8229-4615-aabf-640f063aedba,Global X Longevity Thematic ETF
61f9c698-9760-4862-a84b-24485b554f31,"PIMCO Commercial Mortgage Securities Trust, Inc."
a8d4e575-1517-476d-bc09-a53a9a0aea79,RenaissanceRe Holdings Ltd.
ad89b522-4f90-4f74-b506-0646ae16c1b1,"WesBanco, Inc."
c3eed391-e066-4dbc-81bc-50db0571c28c,"The Hain Celestial Group, Inc."
5b5dbbe9-83bd-4297-8778-73a7a8462277,AU Optronics Corp
2f15b038-3341-4b72-b5a2-0757174a6855,"Magyar Bancorp, Inc."
1aec4b9a-3154-429a-9d3c-f4e32daa32b4,"Hannon Armstrong Sustainable Infrastructure Capital, Inc."
936f46c2-9f44-4901-bb9e-6fd0b61048a6,"Tetra Technologies, Inc."
1c0905b5-3a4c-4ab1-b058-d774eb0039ef,Invesco Pennsylvania Value Municipal Income Trust
833bf0b9-b965-4d3b-a795-6ae726b88786,Kennedy-Wilson Holdings Inc.
e73e9da0-f095-4321-bbc3-d7b671f603f5,Vistra Energy Corp.
2e14c752-3f87-4cf5-99bb-daa919200ad3,"Summit Midstream Partners, LP"
8c40379c-dfc4-44c3-9350-895343a31a3e,"Chart Industries, Inc."
108bda1a-c679-4d5c-b08a-dedc4600cd74,Ciena Corporation
99f916ef-9786-4915-bc82-7a29fdcb74bf,Great Plains Energy Inc
ac7849cd-dd60-4e9b-ab2c-0d5ef9f44fe1,"Equus Total Return, Inc."
38da91fa-ff03-43c9-aeca-09ef42faad84,GasLog LP.
35a3cef7-0438-4a6a-9d88-65a226a2faf6,"Liberty All-Star Growth Fund, Inc."
26e91919-d6f4-4d7a-9c6c-7edbd4d54d6a,Tennant Company
61a674be-dc6b-498a-85a0-5c587e9af4c1,"Delek Logistics Partners, L.P."
2aa91747-e3ee-40de-9948-19c01e4aaafa,"M/I Homes, Inc."
216e2d65-733d-485c-9e85-c29953050b7e,China Eastern Airlines Corporation Ltd.
98523c53-2c9d-4f1c-ba47-1881b5e7c699,Fidelity Nasdaq Composite Index Tracking Stock
c106200c-dcc1-48d7-883e-9d4e793cb53b,"One Liberty Properties, Inc."
b271072e-f00a-499e-ba83-d0c7e4c6456f,"Triumph Group, Inc."
3ce9e0d9-e5a4-4c1b-be75-ab93cf337cbd,"Citizens Community Bancorp, Inc."
f3548fb5-4835-4e46-82b6-408d60272346,Eaton Vance Floating Rate Income Trust
31c93090-10fb-4878-8928-78a79f176b87,"Endurance International Group Holdings, Inc."
