id,first_name,last_name,email,gender
1,Louise,Evans,levans0@un.org,Female
2,Bobby,Roberts,broberts1@icq.com,Male
3,Jean,Ray,jray2@washington.edu,Female
4,Scott,Dunn,sdunn3@multiply.com,Male
5,Heather,Warren,hwarren4@adobe.com,Female
6,Andrew,Frazier,afrazier5@cam.ac.uk,Male
7,Patrick,Kelley,pkelley6@skyrock.com,Male
8,Scott,Cruz,scruz7@myspace.com,Male
9,Margaret,Shaw,mshaw8@angelfire.com,Female
10,Nicole,Henderson,nhenderson9@blinklist.com,Female
11,Norma,Andrews,nandrewsa@discuz.net,Female
12,Ryan,Frazier,rfrazierb@tamu.edu,Male
13,Jack,Chapman,jchapmanc@gravatar.com,Male
14,Andrea,Morris,amorrisd@last.fm,Female
15,Brian,Alexander,balexandere@liveinternet.ru,Male
16,Janice,Mccoy,jmccoyf@hostgator.com,Female
17,Jacqueline,Rodriguez,jrodriguezg@nih.gov,Female
18,Phyllis,Ramos,pramosh@yolasite.com,Female
19,Adam,Crawford,acrawfordi@free.fr,Male
20,Marilyn,Myers,mmyersj@accuweather.com,Female
21,Frank,Moore,fmoorek@si.edu,Male
22,Earl,Davis,edavisl@pinterest.com,Male
23,Louise,Matthews,lmatthewsm@nba.com,Female
24,Roger,Kelly,rkellyn@furl.net,Male
25,Janice,Mason,jmasono@goodreads.com,Female
26,Martha,Stewart,mstewartp@e-recht24.de,Female
27,Debra,Freeman,dfreemanq@tuttocitta.it,Female
28,Frank,Martinez,fmartinezr@csmonitor.com,Male
29,Wayne,Hawkins,whawkinss@ezinearticles.com,Male
30,Jeffrey,Woods,jwoodst@nsw.gov.au,Male
31,Christine,Gutierrez,cgutierrezu@spotify.com,Female
32,Daniel,Russell,drussellv@ameblo.jp,Male
33,Willie,Williams,wwilliamsw@t.co,Male
34,Wanda,Dean,wdeanx@google.ca,Female
35,Angela,Wheeler,awheelery@google.co.uk,Female
36,Shirley,Brown,sbrownz@tinypic.com,Female
37,Scott,Stevens,sstevens10@goo.gl,Male
38,Chris,Reyes,creyes11@hhs.gov,Male
39,Ruby,Brown,rbrown12@people.com.cn,Female
40,Diane,Flores,dflores13@mapquest.com,Female
41,Aaron,Nelson,anelson14@is.gd,Male
42,Robin,Hughes,rhughes15@hc360.com,Female
43,Lori,Perry,lperry16@disqus.com,Female
44,Donald,Myers,dmyers17@ehow.com,Male
45,Raymond,Marshall,rmarshall18@networksolutions.com,Male
46,Henry,Hansen,hhansen19@skyrock.com,Male
47,Jimmy,Bennett,jbennett1a@hhs.gov,Male
48,Ronald,Scott,rscott1b@loc.gov,Male
49,George,Morrison,gmorrison1c@utexas.edu,Male
50,Roy,Knight,rknight1d@army.mil,Male
51,Lois,Welch,lwelch1e@barnesandnoble.com,Female
52,Jason,Murray,jmurray1f@cisco.com,Male
53,Lori,Reed,lreed1g@blogs.com,Female
54,Chris,Bailey,cbailey1h@usnews.com,Male
55,Jane,Palmer,jpalmer1i@wp.com,Female
56,Aaron,Woods,awoods1j@dmoz.org,Male
57,Janet,Gray,jgray1k@theguardian.com,Female
58,Jacqueline,Wells,jwells1l@state.gov,Female
59,Susan,Gilbert,sgilbert1m@sourceforge.net,Female
60,Harold,Griffin,hgriffin1n@canalblog.com,Male
61,Mary,Montgomery,mmontgomery1o@earthlink.net,Female
62,Robin,Gray,rgray1p@smh.com.au,Female
63,Andrea,Mcdonald,amcdonald1q@un.org,Female
64,Wayne,Ross,wross1r@nsw.gov.au,Male
65,Norma,Perry,nperry1s@prnewswire.com,Female
66,Lori,Stanley,lstanley1t@imdb.com,Female
67,Cheryl,Coleman,ccoleman1u@networkadvertising.org,Female
68,Andrea,Mitchell,amitchell1v@ftc.gov,Female
69,Keith,Hudson,khudson1w@addthis.com,Male
70,Henry,Lawrence,hlawrence1x@yelp.com,Male
71,Jean,Roberts,jroberts1y@twitter.com,Female
72,Joseph,Lynch,jlynch1z@theglobeandmail.com,Male
73,Anne,Williamson,awilliamson20@qq.com,Female
74,Rose,Lee,rlee21@infoseek.co.jp,Female
75,Gary,Vasquez,gvasquez22@epa.gov,Male
76,Billy,Schmidt,bschmidt23@tiny.cc,Male
77,Shawn,Flores,sflores24@hp.com,Male
78,Peter,Jordan,pjordan25@netlog.com,Male
79,Lois,Reyes,lreyes26@naver.com,Female
80,Robin,Gray,rgray27@reddit.com,Female
81,Catherine,Little,clittle28@reuters.com,Female
82,Virginia,Sanchez,vsanchez29@gmpg.org,Female
83,Carol,Ferguson,cferguson2a@shop-pro.jp,Female
84,Janet,Berry,jberry2b@sciencedirect.com,Female
85,Ernest,Perkins,eperkins2c@amazon.de,Male
86,Joshua,Banks,jbanks2d@europa.eu,Male
87,Sharon,Henry,shenry2e@usatoday.com,Female
88,Kathy,Ellis,kellis2f@simplemachines.org,Female
89,Carl,Carroll,ccarroll2g@angelfire.com,Male
90,Jesse,Collins,jcollins2h@shareasale.com,Male
91,Marilyn,Romero,mromero2i@nhs.uk,Female
92,Gary,Burns,gburns2j@topsy.com,Male
93,Thomas,Mills,tmills2k@phpbb.com,Male
94,Jane,Burke,jburke2l@edublogs.org,Female
95,Norma,Ferguson,nferguson2m@soundcloud.com,Female
96,Terry,Stanley,tstanley2n@t-online.de,Male
97,Robert,Edwards,redwards2o@51.la,Male
98,Shirley,Tucker,stucker2p@npr.org,Female
99,Justin,Martinez,jmartinez2q@altervista.org,Male
100,Johnny,Wallace,jwallace2r@eventbrite.com,Male
101,Nancy,Hansen,nhansen2s@sun.com,Female
102,Victor,Garza,vgarza2t@ask.com,Male
103,Daniel,Johnson,djohnson2u@homestead.com,Male
104,Aaron,Harris,aharris2v@weibo.com,Male
105,Patricia,Fernandez,pfernandez2w@army.mil,Female
106,Janice,Rice,jrice2x@cafepress.com,Female
107,Jimmy,Dunn,jdunn2y@tripod.com,Male
108,Juan,Rice,jrice2z@aol.com,Male
109,Kathryn,Lopez,klopez30@microsoft.com,Female
110,Jack,Jacobs,jjacobs31@hud.gov,Male
111,William,Parker,wparker32@vk.com,Male
112,David,Stanley,dstanley33@blogs.com,Male
113,Jonathan,Castillo,jcastillo34@nba.com,Male
114,Linda,Reed,lreed35@nasa.gov,Female
115,Helen,Watson,hwatson36@intel.com,Female
116,Alan,Nelson,anelson37@upenn.edu,Male
117,Jonathan,Roberts,jroberts38@home.pl,Male
118,Clarence,Kim,ckim39@apache.org,Male
119,Lois,Lynch,llynch3a@businessinsider.com,Female
120,Kimberly,Gordon,kgordon3b@topsy.com,Female
121,Kathy,Sanders,ksanders3c@sbwire.com,Female
122,Gloria,Hamilton,ghamilton3d@oakley.com,Female
123,Michelle,Ray,mray3e@networksolutions.com,Female
124,Gloria,Evans,gevans3f@wisc.edu,Female
125,William,James,wjames3g@cpanel.net,Male
126,Kimberly,George,kgeorge3h@vk.com,Female
127,Ryan,Ferguson,rferguson3i@vk.com,Male
128,Carolyn,Kelley,ckelley3j@blogs.com,Female
129,Linda,Grant,lgrant3k@123-reg.co.uk,Female
130,Theresa,Welch,twelch3l@youtu.be,Female
131,Roger,Payne,rpayne3m@hatena.ne.jp,Male
132,David,Richardson,drichardson3n@toplist.cz,Male
133,Evelyn,Bell,ebell3o@java.com,Female
134,Shawn,Stephens,sstephens3p@deviantart.com,Male
135,Ashley,Stewart,astewart3q@scientificamerican.com,Female
136,Christopher,Tucker,ctucker3r@buzzfeed.com,Male
137,William,Spencer,wspencer3s@columbia.edu,Male
138,Norma,Larson,nlarson3t@webnode.com,Female
139,William,Wagner,wwagner3u@tripod.com,Male
140,Kimberly,Berry,kberry3v@google.es,Female
141,Michael,Kim,mkim3w@state.gov,Male
142,Patricia,Oliver,poliver3x@weebly.com,Female
143,Ashley,Powell,apowell3y@a8.net,Female
144,Terry,Sims,tsims3z@goo.gl,Male
145,Lisa,Holmes,lholmes40@toplist.cz,Female
146,Shawn,Morris,smorris41@google.co.uk,Male
147,Shirley,Cooper,scooper42@ihg.com,Female
148,Alan,Ferguson,aferguson43@wikispaces.com,Male
149,Ronald,Russell,rrussell44@squarespace.com,Male
150,Joe,Watkins,jwatkins45@kickstarter.com,Male
151,Cheryl,Mendoza,cmendoza46@virginia.edu,Female
152,Stephanie,Stone,sstone47@bloomberg.com,Female
153,Mildred,Stephens,mstephens48@ocn.ne.jp,Female
154,Todd,Thompson,tthompson49@homestead.com,Male
155,Denise,Reed,dreed4a@spotify.com,Female
156,Cheryl,Bell,cbell4b@arizona.edu,Female
157,Matthew,Kelly,mkelly4c@aol.com,Male
158,Richard,Welch,rwelch4d@who.int,Male
159,Lori,Kelly,lkelly4e@biglobe.ne.jp,Female
160,Billy,Bennett,bbennett4f@phpbb.com,Male
161,Kelly,Palmer,kpalmer4g@japanpost.jp,Female
162,Mary,Burke,mburke4h@youtu.be,Female
163,Sara,Mason,smason4i@gov.uk,Female
164,Katherine,Watkins,kwatkins4j@ifeng.com,Female
165,Earl,Ryan,eryan4k@live.com,Male
166,Michelle,Dunn,mdunn4l@google.co.jp,Female
167,Christopher,Banks,cbanks4m@gmpg.org,Male
168,Rose,Wright,rwright4n@ifeng.com,Female
169,Philip,Butler,pbutler4o@answers.com,Male
170,Earl,Johnson,ejohnson4p@whitehouse.gov,Male
171,Ralph,Fields,rfields4q@typepad.com,Male
172,Juan,Crawford,jcrawford4r@bravesites.com,Male
173,Patricia,Barnes,pbarnes4s@lulu.com,Female
174,David,Smith,dsmith4t@e-recht24.de,Male
175,Nancy,Graham,ngraham4u@google.co.jp,Female
176,Lois,Barnes,lbarnes4v@jugem.jp,Female
177,Gary,Ferguson,gferguson4w@whitehouse.gov,Male
178,Harry,Woods,hwoods4x@wired.com,Male
179,Doris,Edwards,dedwards4y@fda.gov,Female
180,Nancy,Spencer,nspencer4z@cisco.com,Female
181,David,Morgan,dmorgan50@berkeley.edu,Male
182,Debra,Hunt,dhunt51@reference.com,Female
183,Russell,Brooks,rbrooks52@blogtalkradio.com,Male
184,Susan,Flores,sflores53@economist.com,Female
185,Thomas,Wood,twood54@europa.eu,Male
186,Cynthia,Armstrong,carmstrong55@intel.com,Female
187,Wanda,Graham,wgraham56@cocolog-nifty.com,Female
188,Peter,Lawrence,plawrence57@hao123.com,Male
189,Jerry,Burton,jburton58@yandex.ru,Male
190,Roy,Wood,rwood59@domainmarket.com,Male
191,Eugene,Alvarez,ealvarez5a@over-blog.com,Male
192,Laura,Oliver,loliver5b@newsvine.com,Female
193,Charles,Murray,cmurray5c@house.gov,Male
194,Lillian,Williams,lwilliams5d@pen.io,Female
195,Benjamin,Berry,bberry5e@bbc.co.uk,Male
196,Gloria,Watkins,gwatkins5f@google.ru,Female
197,Beverly,Holmes,bholmes5g@toplist.cz,Female
198,Lisa,Hunt,lhunt5h@noaa.gov,Female
199,Carl,Wilson,cwilson5i@homestead.com,Male
200,Mark,Warren,mwarren5j@fc2.com,Male
201,Julia,Howell,jhowell5k@upenn.edu,Female
202,Mark,Mccoy,mmccoy5l@yolasite.com,Male
203,Diane,Jones,djones5m@seattletimes.com,Female
204,Fred,Lawson,flawson5n@seattletimes.com,Male
205,Adam,Clark,aclark5o@cmu.edu,Male
206,Rachel,Austin,raustin5p@wikia.com,Female
207,Lori,Cook,lcook5q@howstuffworks.com,Female
208,Ann,Palmer,apalmer5r@mediafire.com,Female
209,Harold,Graham,hgraham5s@dailymotion.com,Male
210,Cheryl,Davis,cdavis5t@feedburner.com,Female
211,Terry,Cunningham,tcunningham5u@samsung.com,Male
212,Denise,Hayes,dhayes5v@independent.co.uk,Female
213,Sarah,Hawkins,shawkins5w@wikia.com,Female
214,Brenda,Sims,bsims5x@intel.com,Female
215,Anthony,Fuller,afuller5y@spotify.com,Male
216,Kevin,Alvarez,kalvarez5z@ameblo.jp,Male
217,Raymond,Wilson,rwilson60@odnoklassniki.ru,Male
218,Roy,Fields,rfields61@qq.com,Male
219,Gerald,Hernandez,ghernandez62@netlog.com,Male
220,Russell,Wright,rwright63@ucla.edu,Male
221,Jonathan,Harvey,jharvey64@cdbaby.com,Male
222,Gloria,Jones,gjones65@slideshare.net,Female
223,Jimmy,Hall,jhall66@pbs.org,Male
224,Walter,Turner,wturner67@dion.ne.jp,Male
225,Ruth,Johnston,rjohnston68@census.gov,Female
226,Joe,Wood,jwood69@unesco.org,Male
227,Russell,Peterson,rpeterson6a@seattletimes.com,Male
228,Laura,Murray,lmurray6b@house.gov,Female
229,Sharon,Franklin,sfranklin6c@bandcamp.com,Female
230,Edward,Gray,egray6d@clickbank.net,Male
231,Terry,Taylor,ttaylor6e@springer.com,Male
232,Philip,Armstrong,parmstrong6f@auda.org.au,Male
233,Alice,Murphy,amurphy6g@geocities.com,Female
234,Sara,Mason,smason6h@webeden.co.uk,Female
235,Julia,Morgan,jmorgan6i@dagondesign.com,Female
236,Raymond,Carpenter,rcarpenter6j@soup.io,Male
237,Keith,Carr,kcarr6k@go.com,Male
238,Randy,Perez,rperez6l@creativecommons.org,Male
239,Willie,Chavez,wchavez6m@soundcloud.com,Male
240,Denise,Berry,dberry6n@epa.gov,Female
241,Stephanie,Warren,swarren6o@walmart.com,Female
242,Katherine,Simmons,ksimmons6p@gmpg.org,Female
243,Kevin,Ford,kford6q@wikia.com,Male
244,Roger,Garcia,rgarcia6r@virginia.edu,Male
245,Janice,Carr,jcarr6s@tamu.edu,Female
246,Rachel,Andrews,randrews6t@harvard.edu,Female
247,Daniel,Ford,dford6u@sina.com.cn,Male
248,Jesse,Ross,jross6v@miitbeian.gov.cn,Male
249,Thomas,West,twest6w@spotify.com,Male
250,Paula,Nelson,pnelson6x@bbb.org,Female
251,Anna,Matthews,amatthews6y@sciencedaily.com,Female
252,Joyce,Nguyen,jnguyen6z@businessweek.com,Female
253,Denise,Gordon,dgordon70@posterous.com,Female
254,Ann,Rivera,arivera71@who.int,Female
255,Julie,Dixon,jdixon72@live.com,Female
256,Paul,Clark,pclark73@yale.edu,Male
257,Juan,Hayes,jhayes74@stanford.edu,Male
258,Frances,Phillips,fphillips75@washington.edu,Female
259,Wanda,Ward,wward76@spiegel.de,Female
260,Cynthia,Cole,ccole77@google.ca,Female
261,Juan,Diaz,jdiaz78@quantcast.com,Male
262,Phyllis,Hill,phill79@army.mil,Female
263,Walter,Armstrong,warmstrong7a@hibu.com,Male
264,Lois,Allen,lallen7b@eventbrite.com,Female
265,Ann,Arnold,aarnold7c@mapy.cz,Female
266,Brian,Davis,bdavis7d@goodreads.com,Male
267,Shirley,Collins,scollins7e@examiner.com,Female
268,Christina,Hayes,chayes7f@mashable.com,Female
269,Wayne,Porter,wporter7g@cbslocal.com,Male
270,Christine,Jackson,cjackson7h@typepad.com,Female
271,Emily,Robertson,erobertson7i@1688.com,Female
272,Joe,Williamson,jwilliamson7j@blogger.com,Male
273,Amanda,Gonzales,agonzales7k@shop-pro.jp,Female
274,Andrea,Patterson,apatterson7l@tinypic.com,Female
275,Jose,Arnold,jarnold7m@ustream.tv,Male
276,Tina,Johnson,tjohnson7n@wisc.edu,Female
277,Donald,Gilbert,dgilbert7o@studiopress.com,Male
278,Karen,Dean,kdean7p@dailymail.co.uk,Female
279,Benjamin,Matthews,bmatthews7q@home.pl,Male
280,Janice,Greene,jgreene7r@example.com,Female
281,Rebecca,Stanley,rstanley7s@geocities.com,Female
282,Mark,Collins,mcollins7t@netlog.com,Male
283,Steve,Phillips,sphillips7u@google.ru,Male
284,Nicole,Young,nyoung7v@who.int,Female
285,Billy,Williams,bwilliams7w@cloudflare.com,Male
286,Billy,Freeman,bfreeman7x@buzzfeed.com,Male
287,John,Anderson,janderson7y@typepad.com,Male
288,Earl,Grant,egrant7z@zdnet.com,Male
289,Judith,Long,jlong80@samsung.com,Female
290,Amanda,Gilbert,agilbert81@wired.com,Female
291,Marilyn,Warren,mwarren82@bloglovin.com,Female
292,Ruth,Rose,rrose83@wufoo.com,Female
293,Eric,Sims,esims84@t.co,Male
294,David,Riley,driley85@army.mil,Male
295,Amanda,Palmer,apalmer86@cmu.edu,Female
296,Annie,Palmer,apalmer87@alibaba.com,Female
297,Christopher,Franklin,cfranklin88@globo.com,Male
298,Wanda,Kelley,wkelley89@eepurl.com,Female
299,Clarence,Bowman,cbowman8a@microsoft.com,Male
300,Donna,Kelley,dkelley8b@nasa.gov,Female
301,Jose,Alexander,jalexander8c@alibaba.com,Male
302,Alice,Vasquez,avasquez8d@goo.gl,Female
303,Rachel,Elliott,relliott8e@cbslocal.com,Female
304,Annie,Williamson,awilliamson8f@soundcloud.com,Female
305,Andrew,Murray,amurray8g@storify.com,Male
306,Jason,Adams,jadams8h@unicef.org,Male
307,Jesse,Ferguson,jferguson8i@ca.gov,Male
308,Timothy,Sanders,tsanders8j@artisteer.com,Male
309,Harry,Cruz,hcruz8k@newsvine.com,Male
310,Christine,Dunn,cdunn8l@cnet.com,Female
311,Annie,Perry,aperry8m@desdev.cn,Female
312,Cheryl,Morales,cmorales8n@lulu.com,Female
313,Willie,Gutierrez,wgutierrez8o@ftc.gov,Male
314,Gloria,Williamson,gwilliamson8p@bloglines.com,Female
315,Betty,Smith,bsmith8q@icq.com,Female
316,Paul,Black,pblack8r@mozilla.com,Male
317,Virginia,Bishop,vbishop8s@ezinearticles.com,Female
318,Ashley,Fields,afields8t@msu.edu,Female
319,Jonathan,Wright,jwright8u@seattletimes.com,Male
320,Bruce,Bryant,bbryant8v@webs.com,Male
321,Eric,Green,egreen8w@mozilla.org,Male
322,Jesse,Hansen,jhansen8x@weather.com,Male
323,Amanda,Reed,areed8y@spotify.com,Female
324,Andrew,Mcdonald,amcdonald8z@about.com,Male
325,Debra,Bryant,dbryant90@aboutads.info,Female
326,Theresa,Lawrence,tlawrence91@1688.com,Female
327,Mary,Carter,mcarter92@hud.gov,Female
328,Amanda,Phillips,aphillips93@aboutads.info,Female
329,Jennifer,Powell,jpowell94@hibu.com,Female
330,Julie,Stone,jstone95@cnbc.com,Female
331,Cheryl,Matthews,cmatthews96@chicagotribune.com,Female
332,Margaret,Brooks,mbrooks97@dailymotion.com,Female
333,Jose,Cruz,jcruz98@reference.com,Male
334,Debra,Stanley,dstanley99@godaddy.com,Female
335,Catherine,Reynolds,creynolds9a@slideshare.net,Female
336,Nicholas,Rose,nrose9b@mediafire.com,Male
337,Rose,Foster,rfoster9c@springer.com,Female
338,Lisa,Duncan,lduncan9d@biglobe.ne.jp,Female
339,Teresa,Ramirez,tramirez9e@homestead.com,Female
340,Anne,Flores,aflores9f@mac.com,Female
341,Virginia,Burns,vburns9g@narod.ru,Female
342,Laura,Ryan,lryan9h@si.edu,Female
343,Randy,Ruiz,rruiz9i@army.mil,Male
344,Elizabeth,Hughes,ehughes9j@howstuffworks.com,Female
345,Sara,Hansen,shansen9k@netlog.com,Female
346,Jacqueline,Garcia,jgarcia9l@zdnet.com,Female
347,Kathryn,Young,kyoung9m@weibo.com,Female
348,Anthony,Moore,amoore9n@forbes.com,Male
349,Peter,Wheeler,pwheeler9o@blogs.com,Male
350,Rose,Shaw,rshaw9p@opensource.org,Female
351,Ruby,Robinson,rrobinson9q@sohu.com,Female
352,Donna,Sullivan,dsullivan9r@altervista.org,Female
353,Craig,Morris,cmorris9s@blinklist.com,Male
354,Arthur,Wells,awells9t@merriam-webster.com,Male
355,Joyce,Reid,jreid9u@posterous.com,Female
356,Shawn,Johnson,sjohnson9v@youtube.com,Male
357,Jeffrey,Gonzales,jgonzales9w@google.fr,Male
358,Tammy,Crawford,tcrawford9x@youku.com,Female
359,Shawn,Reyes,sreyes9y@com.com,Male
360,Karen,Matthews,kmatthews9z@wired.com,Female
361,Barbara,Riley,brileya0@printfriendly.com,Female
362,Stephanie,Reynolds,sreynoldsa1@guardian.co.uk,Female
363,Lawrence,Thompson,lthompsona2@nytimes.com,Male
364,Todd,Taylor,ttaylora3@hexun.com,Male
365,Andrew,Olson,aolsona4@odnoklassniki.ru,Male
366,Benjamin,Cook,bcooka5@indiegogo.com,Male
367,Steve,Watson,swatsona6@phoca.cz,Male
368,Henry,Fields,hfieldsa7@github.com,Male
369,Jason,Murray,jmurraya8@earthlink.net,Male
370,Lisa,Reynolds,lreynoldsa9@rediff.com,Female
371,Karen,Brown,kbrownaa@seattletimes.com,Female
372,Michelle,Ellis,mellisab@comsenz.com,Female
373,Susan,Powell,spowellac@yandex.ru,Female
374,Donald,Jenkins,djenkinsad@tiny.cc,Male
375,Antonio,Ryan,aryanae@virginia.edu,Male
376,Fred,Harper,fharperaf@paginegialle.it,Male
377,Margaret,Coleman,mcolemanag@google.de,Female
378,Norma,Henry,nhenryah@cam.ac.uk,Female
379,Sean,Lawson,slawsonai@yale.edu,Male
380,Joan,Austin,jaustinaj@nifty.com,Female
381,Wayne,Boyd,wboydak@phoca.cz,Male
382,Norma,Hernandez,nhernandezal@bloomberg.com,Female
383,Brenda,Johnston,bjohnstonam@symantec.com,Female
384,Angela,Welch,awelchan@yandex.ru,Female
385,Rachel,Rivera,rriveraao@jalbum.net,Female
386,Adam,Davis,adavisap@topsy.com,Male
387,Emily,Harrison,eharrisonaq@nbcnews.com,Female
388,James,Ramirez,jramirezar@mysql.com,Male
389,Annie,Rodriguez,arodriguezas@about.me,Female
390,Joseph,Bennett,jbennettat@livejournal.com,Male
391,Roger,Larson,rlarsonau@printfriendly.com,Male
392,Elizabeth,Gomez,egomezav@opensource.org,Female
393,Jonathan,Harvey,jharveyaw@themeforest.net,Male
394,Joe,Bryant,jbryantax@over-blog.com,Male
395,Christine,Grant,cgrantay@mozilla.org,Female
396,Kathy,Snyder,ksnyderaz@theatlantic.com,Female
397,Amy,Wheeler,awheelerb0@webs.com,Female
398,Maria,Rose,mroseb1@toplist.cz,Female
399,Amanda,Baker,abakerb2@oaic.gov.au,Female
400,Jack,Powell,jpowellb3@senate.gov,Male
401,Gregory,Cole,gcoleb4@weebly.com,Male
402,Larry,Peters,lpetersb5@slashdot.org,Male
403,Steven,Burke,sburkeb6@squidoo.com,Male
404,Victor,Lawrence,vlawrenceb7@blog.com,Male
405,Johnny,Fisher,jfisherb8@webmd.com,Male
406,Wayne,Riley,wrileyb9@umn.edu,Male
407,Jack,Payne,jpayneba@dyndns.org,Male
408,Kathy,Sanders,ksandersbb@w3.org,Female
409,Marilyn,Cole,mcolebc@timesonline.co.uk,Female
410,Jeffrey,Perez,jperezbd@bravesites.com,Male
411,Brenda,Russell,brussellbe@dmoz.org,Female
412,Arthur,Freeman,afreemanbf@istockphoto.com,Male
413,Peter,Wright,pwrightbg@scientificamerican.com,Male
414,Irene,Berry,iberrybh@rambler.ru,Female
415,Martin,Hernandez,mhernandezbi@bravesites.com,Male
416,Wanda,Hunt,whuntbj@quantcast.com,Female
417,James,Moreno,jmorenobk@linkedin.com,Male
418,Rachel,Medina,rmedinabl@mit.edu,Female
419,Gerald,Gonzalez,ggonzalezbm@odnoklassniki.ru,Male
420,Daniel,Elliott,delliottbn@quantcast.com,Male
421,Ann,Wallace,awallacebo@flavors.me,Female
422,Jeffrey,Cole,jcolebp@illinois.edu,Male
423,Jean,Olson,jolsonbq@apple.com,Female
424,Matthew,Lawrence,mlawrencebr@photobucket.com,Male
425,Heather,Martin,hmartinbs@edublogs.org,Female
426,Lisa,Sims,lsimsbt@netlog.com,Female
427,Lillian,Smith,lsmithbu@state.tx.us,Female
428,Debra,Woods,dwoodsbv@simplemachines.org,Female
429,Sean,Nelson,snelsonbw@shinystat.com,Male
430,Antonio,Dixon,adixonbx@dagondesign.com,Male
431,Jacqueline,Reyes,jreyesby@uiuc.edu,Female
432,Paula,Knight,pknightbz@nyu.edu,Female
433,Ronald,Riley,rrileyc0@mail.ru,Male
434,Lisa,Wagner,lwagnerc1@jalbum.net,Female
435,Joyce,Ramirez,jramirezc2@yandex.ru,Female
436,Andrea,Graham,agrahamc3@lycos.com,Female
437,Helen,Roberts,hrobertsc4@cmu.edu,Female
438,Joseph,Moreno,jmorenoc5@51.la,Male
439,Steven,Bailey,sbaileyc6@tripod.com,Male
440,Phyllis,Owens,powensc7@fda.gov,Female
441,Christopher,Coleman,ccolemanc8@ow.ly,Male
442,Louis,Duncan,lduncanc9@pinterest.com,Male
443,Linda,Nelson,lnelsonca@mail.ru,Female
444,Heather,Morgan,hmorgancb@cyberchimps.com,Female
445,Bruce,Burke,bburkecc@theguardian.com,Male
446,Jessica,Howell,jhowellcd@dagondesign.com,Female
447,Judith,Jacobs,jjacobsce@canalblog.com,Female
448,Nicole,Meyer,nmeyercf@facebook.com,Female
449,Nicholas,Long,nlongcg@google.cn,Male
450,Judy,Harrison,jharrisonch@symantec.com,Female
451,Barbara,Bowman,bbowmanci@opera.com,Female
452,Thomas,Elliott,telliottcj@newsvine.com,Male
453,Lois,Cooper,lcooperck@skype.com,Female
454,Nancy,James,njamescl@umn.edu,Female
455,Nancy,Banks,nbankscm@europa.eu,Female
456,Carol,Jones,cjonescn@about.me,Female
457,Steve,Green,sgreenco@virginia.edu,Male
458,Deborah,Turner,dturnercp@samsung.com,Female
459,Thomas,Clark,tclarkcq@sourceforge.net,Male
460,Julie,Ellis,jelliscr@reuters.com,Female
461,Carolyn,Crawford,ccrawfordcs@i2i.jp,Female
462,Robin,Marshall,rmarshallct@bravesites.com,Female
463,Diana,Brooks,dbrookscu@tripod.com,Female
464,Michelle,Johnson,mjohnsoncv@trellian.com,Female
465,Anthony,Berry,aberrycw@opera.com,Male
466,Catherine,Fox,cfoxcx@digg.com,Female
467,Denise,Cooper,dcoopercy@ycombinator.com,Female
468,Beverly,Jacobs,bjacobscz@last.fm,Female
469,Carl,Thompson,cthompsond0@mayoclinic.com,Male
470,Paula,Hudson,phudsond1@gravatar.com,Female
471,Stephanie,Ford,sfordd2@unc.edu,Female
472,Judith,Chavez,jchavezd3@indiegogo.com,Female
473,Julie,Lewis,jlewisd4@bloomberg.com,Female
474,Betty,Smith,bsmithd5@marriott.com,Female
475,Beverly,Watson,bwatsond6@lycos.com,Female
476,Samuel,Wright,swrightd7@forbes.com,Male
477,Marilyn,Ortiz,mortizd8@cnn.com,Female
478,Denise,Kelly,dkellyd9@fda.gov,Female
479,Ernest,Mills,emillsda@csmonitor.com,Male
480,Amanda,Gonzales,agonzalesdb@rakuten.co.jp,Female
481,Tammy,Thompson,tthompsondc@msu.edu,Female
482,George,Morgan,gmorgandd@google.co.uk,Male
483,Denise,Baker,dbakerde@mtv.com,Female
484,Jane,Phillips,jphillipsdf@elegantthemes.com,Female
485,Alice,Bradley,abradleydg@wsj.com,Female
486,Rebecca,Boyd,rboyddh@boston.com,Female
487,Peter,Scott,pscottdi@unc.edu,Male
488,Evelyn,Taylor,etaylordj@bandcamp.com,Female
489,Todd,Ferguson,tfergusondk@bloglines.com,Male
490,Kimberly,Greene,kgreenedl@so-net.ne.jp,Female
491,Steven,Watkins,swatkinsdm@about.me,Male
492,Teresa,Welch,twelchdn@businesswire.com,Female
493,Donna,Warren,dwarrendo@webs.com,Female
494,Jacqueline,Hill,jhilldp@google.cn,Female
495,Phillip,Stewart,pstewartdq@google.ru,Male
496,Alan,Rose,arosedr@ow.ly,Male
497,Andrew,Nelson,anelsonds@github.io,Male
498,Steve,Torres,storresdt@paypal.com,Male
499,Eric,Davis,edavisdu@hatena.ne.jp,Male
500,Shirley,Cox,scoxdv@dyndns.org,Female
501,Keith,Harrison,kharrisondw@tumblr.com,Male
502,Kimberly,Hart,khartdx@eventbrite.com,Female
503,Ruby,Cox,rcoxdy@dropbox.com,Female
504,Mark,Nelson,mnelsondz@reuters.com,Male
505,Stephanie,Snyder,ssnydere0@istockphoto.com,Female
506,Robert,Fisher,rfishere1@shop-pro.jp,Male
507,Melissa,Watkins,mwatkinse2@alibaba.com,Female
508,Joe,Ryan,jryane3@tuttocitta.it,Male
509,Adam,Wells,awellse4@pcworld.com,Male
510,Ernest,Williams,ewilliamse5@ycombinator.com,Male
511,Lois,Cox,lcoxe6@virginia.edu,Female
512,Sandra,Murphy,smurphye7@scientificamerican.com,Female
513,Craig,Morgan,cmorgane8@yelp.com,Male
514,Ronald,Mcdonald,rmcdonalde9@netscape.com,Male
515,Joseph,Bailey,jbaileyea@hugedomains.com,Male
516,Gerald,Ward,gwardeb@diigo.com,Male
517,Anne,Franklin,afranklinec@bandcamp.com,Female
518,Timothy,Banks,tbanksed@last.fm,Male
519,Stephen,Patterson,spattersonee@cnn.com,Male
520,Earl,Peterson,epetersonef@illinois.edu,Male
521,Eric,Stevens,estevenseg@disqus.com,Male
522,Alice,Lawrence,alawrenceeh@ted.com,Female
523,Walter,Romero,wromeroei@loc.gov,Male
524,Donald,Barnes,dbarnesej@blogs.com,Male
525,Daniel,Lawson,dlawsonek@cnet.com,Male
526,Jason,Howell,jhowellel@nymag.com,Male
527,Jack,Hamilton,jhamiltonem@cisco.com,Male
528,Raymond,Hernandez,rhernandezen@techcrunch.com,Male
529,Anne,Flores,afloreseo@buzzfeed.com,Female
530,Denise,Day,ddayep@ifeng.com,Female
531,Nicholas,Cook,ncookeq@goodreads.com,Male
532,Dorothy,Welch,dwelcher@hugedomains.com,Female
533,Jimmy,Harvey,jharveyes@examiner.com,Male
534,Frances,Berry,fberryet@xing.com,Female
535,Louise,Hicks,lhickseu@skyrock.com,Female
536,Elizabeth,Wallace,ewallaceev@blogtalkradio.com,Female
537,Heather,Foster,hfosterew@dion.ne.jp,Female
538,Helen,Welch,hwelchex@webeden.co.uk,Female
539,Martha,Edwards,medwardsey@cloudflare.com,Female
540,Russell,Evans,revansez@arizona.edu,Male
541,Debra,Harrison,dharrisonf0@phpbb.com,Female
542,Pamela,Nichols,pnicholsf1@nba.com,Female
543,Paul,Jackson,pjacksonf2@cargocollective.com,Male
544,Sara,Peterson,spetersonf3@spotify.com,Female
545,Jerry,Austin,jaustinf4@yelp.com,Male
546,Bonnie,Franklin,bfranklinf5@diigo.com,Female
547,Larry,Holmes,lholmesf6@wp.com,Male
548,Cheryl,Warren,cwarrenf7@skype.com,Female
549,Mary,Tucker,mtuckerf8@globo.com,Female
550,Paul,Baker,pbakerf9@google.cn,Male
551,Kenneth,Bradley,kbradleyfa@china.com.cn,Male
552,Deborah,Lawson,dlawsonfb@wiley.com,Female
553,Ruby,Wood,rwoodfc@webmd.com,Female
554,Wanda,Sanders,wsandersfd@newsvine.com,Female
555,Mary,Watson,mwatsonfe@mozilla.org,Female
556,Willie,Stanley,wstanleyff@bizjournals.com,Male
557,Samuel,Cooper,scooperfg@squarespace.com,Male
558,Peter,Green,pgreenfh@tripadvisor.com,Male
559,Jennifer,Reed,jreedfi@dion.ne.jp,Female
560,Ann,Arnold,aarnoldfj@state.gov,Female
561,Samuel,Hudson,shudsonfk@smugmug.com,Male
562,Billy,Gray,bgrayfl@msn.com,Male
563,Joyce,Baker,jbakerfm@sogou.com,Female
564,Jacqueline,Lopez,jlopezfn@symantec.com,Female
565,Henry,Wagner,hwagnerfo@go.com,Male
566,Debra,Rice,dricefp@disqus.com,Female
567,Ryan,Riley,rrileyfq@youku.com,Male
568,Teresa,Ortiz,tortizfr@yandex.ru,Female
569,Lori,Hudson,lhudsonfs@imgur.com,Female
570,Stephanie,Dean,sdeanft@shop-pro.jp,Female
571,Ruby,Howard,rhowardfu@instagram.com,Female
572,Ruth,Riley,rrileyfv@rakuten.co.jp,Female
573,David,Fields,dfieldsfw@disqus.com,Male
574,Anthony,Ross,arossfx@live.com,Male
575,Ryan,Jones,rjonesfy@hud.gov,Male
576,Justin,Smith,jsmithfz@ftc.gov,Male
577,Stephanie,Reynolds,sreynoldsg0@dedecms.com,Female
578,Carolyn,Arnold,carnoldg1@princeton.edu,Female
579,Lillian,Carter,lcarterg2@deviantart.com,Female
580,Samuel,Payne,spayneg3@lulu.com,Male
581,Julie,Jacobs,jjacobsg4@netlog.com,Female
582,Diane,Washington,dwashingtong5@yale.edu,Female
583,Janice,Morris,jmorrisg6@webs.com,Female
584,Jimmy,Fernandez,jfernandezg7@hubpages.com,Male
585,Scott,Burns,sburnsg8@printfriendly.com,Male
586,Eric,Fields,efieldsg9@redcross.org,Male
587,Paula,Perkins,pperkinsga@cafepress.com,Female
588,Alice,Schmidt,aschmidtgb@about.com,Female
589,Ruth,Hayes,rhayesgc@cdbaby.com,Female
590,Paul,Clark,pclarkgd@wikimedia.org,Male
591,Phillip,Griffin,pgriffinge@boston.com,Male
592,Todd,Larson,tlarsongf@spiegel.de,Male
593,Cheryl,Lawrence,clawrencegg@baidu.com,Female
594,Mildred,Mills,mmillsgh@sbwire.com,Female
595,Norma,Richardson,nrichardsongi@github.com,Female
596,Mark,Foster,mfostergj@harvard.edu,Male
597,Brandon,Shaw,bshawgk@artisteer.com,Male
598,Christina,Reyes,creyesgl@elpais.com,Female
599,Joseph,Walker,jwalkergm@blinklist.com,Male
600,Carl,Martin,cmartingn@wisc.edu,Male
601,Dennis,Olson,dolsongo@ow.ly,Male
602,Emily,Flores,efloresgp@salon.com,Female
603,Walter,Montgomery,wmontgomerygq@jugem.jp,Male
604,Adam,Grant,agrantgr@archive.org,Male
605,Jeremy,Rice,jricegs@bloglines.com,Male
606,Edward,Patterson,epattersongt@microsoft.com,Male
607,Alan,Jenkins,ajenkinsgu@opensource.org,Male
608,Doris,Davis,ddavisgv@about.me,Female
609,Sandra,Lawson,slawsongw@sakura.ne.jp,Female
610,Heather,Ramirez,hramirezgx@tuttocitta.it,Female
611,Ruby,Campbell,rcampbellgy@noaa.gov,Female
612,Bruce,Anderson,bandersongz@google.com.hk,Male
613,Heather,Meyer,hmeyerh0@ihg.com,Female
614,Stephanie,Olson,solsonh1@umn.edu,Female
615,Juan,Stephens,jstephensh2@google.cn,Male
616,Helen,Washington,hwashingtonh3@xinhuanet.com,Female
617,Mildred,Thompson,mthompsonh4@cnn.com,Female
618,Joseph,Clark,jclarkh5@histats.com,Male
619,Marie,Scott,mscotth6@si.edu,Female
620,Betty,Campbell,bcampbellh7@youtube.com,Female
621,Edward,Ray,erayh8@oakley.com,Male
622,Frances,Ward,fwardh9@ebay.com,Female
623,Bobby,Greene,bgreeneha@rambler.ru,Male
624,Christopher,James,cjameshb@about.me,Male
625,Diane,Pierce,dpiercehc@quantcast.com,Female
626,Anne,Ford,afordhd@angelfire.com,Female
627,Johnny,Harris,jharrishe@loc.gov,Male
628,Beverly,Reynolds,breynoldshf@creativecommons.org,Female
629,Alan,Sanders,asandershg@nifty.com,Male
630,Phyllis,Ortiz,portizhh@nps.gov,Female
631,Fred,Dean,fdeanhi@disqus.com,Male
632,Amy,Gomez,agomezhj@bloomberg.com,Female
633,Adam,Nguyen,anguyenhk@microsoft.com,Male
634,Douglas,Larson,dlarsonhl@sfgate.com,Male
635,Lawrence,Parker,lparkerhm@parallels.com,Male
636,Annie,Roberts,arobertshn@craigslist.org,Female
637,Keith,Edwards,kedwardsho@indiegogo.com,Male
638,Mark,Mendoza,mmendozahp@wisc.edu,Male
639,Linda,Harper,lharperhq@cbslocal.com,Female
640,Karen,Jordan,kjordanhr@bloglines.com,Female
641,Julie,Welch,jwelchhs@google.ca,Female
642,Pamela,Johnson,pjohnsonht@pbs.org,Female
643,Carol,Morales,cmoraleshu@nsw.gov.au,Female
644,Brenda,Russell,brussellhv@last.fm,Female
645,Chris,Snyder,csnyderhw@360.cn,Male
646,Brenda,Reid,breidhx@vimeo.com,Female
647,Jerry,Edwards,jedwardshy@digg.com,Male
648,Phyllis,Mccoy,pmccoyhz@nature.com,Female
649,Russell,Hunter,rhunteri0@goo.ne.jp,Male
650,Karen,Wilson,kwilsoni1@eventbrite.com,Female
651,Willie,Reed,wreedi2@geocities.com,Male
652,Matthew,Jenkins,mjenkinsi3@wix.com,Male
653,Phillip,Bowman,pbowmani4@google.es,Male
654,Ernest,Henry,ehenryi5@printfriendly.com,Male
655,Kelly,Ellis,kellisi6@marriott.com,Female
656,Raymond,King,rkingi7@twitpic.com,Male
657,Steve,Barnes,sbarnesi8@spotify.com,Male
658,Catherine,Wheeler,cwheeleri9@facebook.com,Female
659,Jose,Fisher,jfisheria@dailymail.co.uk,Male
660,Craig,Richardson,crichardsonib@dagondesign.com,Male
661,Jane,Gray,jgrayic@barnesandnoble.com,Female
662,Earl,Patterson,epattersonid@xrea.com,Male
663,Melissa,Campbell,mcampbellie@cdc.gov,Female
664,Carl,Powell,cpowellif@bloomberg.com,Male
665,Andrew,Flores,afloresig@mtv.com,Male
666,Louise,Tucker,ltuckerih@sohu.com,Female
667,Julie,Barnes,jbarnesii@bizjournals.com,Female
668,Melissa,Rice,mriceij@ihg.com,Female
669,Diana,Campbell,dcampbellik@creativecommons.org,Female
670,Kevin,Rogers,krogersil@qq.com,Male
671,Andrea,Romero,aromeroim@joomla.org,Female
672,Louis,Garza,lgarzain@wordpress.org,Male
673,Kelly,Jackson,kjacksonio@wired.com,Female
674,Julia,Torres,jtorresip@live.com,Female
675,Joyce,Wagner,jwagneriq@meetup.com,Female
676,Johnny,Romero,jromeroir@uol.com.br,Male
677,Amy,Washington,awashingtonis@go.com,Female
678,Joseph,Austin,jaustinit@sina.com.cn,Male
679,Lillian,Robertson,lrobertsoniu@blogspot.com,Female
680,Rebecca,Payne,rpayneiv@unicef.org,Female
681,Steve,Sullivan,ssullivaniw@simplemachines.org,Male
682,Randy,Morales,rmoralesix@vimeo.com,Male
683,Johnny,Butler,jbutleriy@hp.com,Male
684,Wayne,Evans,wevansiz@engadget.com,Male
685,Katherine,Mccoy,kmccoyj0@shinystat.com,Female
686,Debra,Reyes,dreyesj1@live.com,Female
687,Adam,Baker,abakerj2@marriott.com,Male
688,Aaron,Gonzalez,agonzalezj3@kickstarter.com,Male
689,Bruce,Berry,bberryj4@elegantthemes.com,Male
690,Aaron,Thomas,athomasj5@com.com,Male
691,Deborah,Bryant,dbryantj6@google.fr,Female
692,Joshua,Hunt,jhuntj7@nba.com,Male
693,Carol,Little,clittlej8@examiner.com,Female
694,Jean,Thomas,jthomasj9@eventbrite.com,Female
695,Aaron,Tucker,atuckerja@phoca.cz,Male
696,Christina,James,cjamesjb@biblegateway.com,Female
697,Susan,Robertson,srobertsonjc@blogger.com,Female
698,Janet,Carr,jcarrjd@reddit.com,Female
699,Adam,Perry,aperryje@telegraph.co.uk,Male
700,Teresa,Reed,treedjf@wufoo.com,Female
701,Brenda,Ruiz,bruizjg@shinystat.com,Female
702,Gloria,Grant,ggrantjh@mediafire.com,Female
703,Bobby,Mills,bmillsji@moonfruit.com,Male
704,Paul,Griffin,pgriffinjj@prweb.com,Male
705,John,Rodriguez,jrodriguezjk@dedecms.com,Male
706,Scott,Burton,sburtonjl@123-reg.co.uk,Male
707,Eugene,Gonzales,egonzalesjm@hc360.com,Male
708,Johnny,Richards,jrichardsjn@eventbrite.com,Male
709,Chris,Adams,cadamsjo@qq.com,Male
710,Emily,Ward,ewardjp@google.com,Female
711,Joyce,Dixon,jdixonjq@reverbnation.com,Female
712,Ruby,Holmes,rholmesjr@examiner.com,Female
713,Walter,Knight,wknightjs@mayoclinic.com,Male
714,Annie,Murphy,amurphyjt@google.co.jp,Female
715,Amanda,Johnson,ajohnsonju@nyu.edu,Female
716,Raymond,Martinez,rmartinezjv@cyberchimps.com,Male
717,Albert,Schmidt,aschmidtjw@theatlantic.com,Male
718,Daniel,Myers,dmyersjx@artisteer.com,Male
719,Andrea,Romero,aromerojy@yellowbook.com,Female
720,Mary,Fields,mfieldsjz@state.gov,Female
721,Julie,Porter,jporterk0@ucla.edu,Female
722,Matthew,Taylor,mtaylork1@is.gd,Male
723,Andrea,Cox,acoxk2@reuters.com,Female
724,Jerry,Hicks,jhicksk3@washington.edu,Male
725,Anthony,Wood,awoodk4@people.com.cn,Male
726,Lois,Chavez,lchavezk5@twitpic.com,Female
727,Mary,King,mkingk6@rediff.com,Female
728,Wanda,Bishop,wbishopk7@godaddy.com,Female
729,Anne,Carroll,acarrollk8@google.com,Female
730,Benjamin,Rice,bricek9@lycos.com,Male
731,Eric,Anderson,eandersonka@slashdot.org,Male
732,Larry,Woods,lwoodskb@shop-pro.jp,Male
733,Robert,Tucker,rtuckerkc@cnet.com,Male
734,Kenneth,Frazier,kfrazierkd@cbsnews.com,Male
735,Ann,Long,alongke@smugmug.com,Female
736,Deborah,Robertson,drobertsonkf@purevolume.com,Female
737,Philip,Stephens,pstephenskg@google.it,Male
738,Nicole,Griffin,ngriffinkh@globo.com,Female
739,Timothy,Stephens,tstephenski@people.com.cn,Male
740,Jeremy,Mason,jmasonkj@storify.com,Male
741,Katherine,Owens,kowenskk@wired.com,Female
742,Randy,Williams,rwilliamskl@salon.com,Male
743,Samuel,Hill,shillkm@123-reg.co.uk,Male
744,Patricia,Price,ppricekn@huffingtonpost.com,Female
745,Jacqueline,Carter,jcarterko@techcrunch.com,Female
746,Tammy,Palmer,tpalmerkp@bbc.co.uk,Female
747,Chris,Bell,cbellkq@wikispaces.com,Male
748,Stephanie,Banks,sbankskr@msn.com,Female
749,Sarah,Welch,swelchks@smh.com.au,Female
750,Norma,Foster,nfosterkt@reddit.com,Female
751,Billy,Henderson,bhendersonku@netlog.com,Male
752,Randy,Cunningham,rcunninghamkv@chron.com,Male
753,Roger,Gutierrez,rgutierrezkw@craigslist.org,Male
754,Nancy,Mcdonald,nmcdonaldkx@npr.org,Female
755,Fred,Warren,fwarrenky@smugmug.com,Male
756,Arthur,Sullivan,asullivankz@prnewswire.com,Male
757,Martha,Kim,mkiml0@issuu.com,Female
758,Janet,Miller,jmillerl1@jiathis.com,Female
759,Louis,Alvarez,lalvarezl2@examiner.com,Male
760,Louis,Alvarez,lalvarezl3@devhub.com,Male
761,Sarah,Gilbert,sgilbertl4@spiegel.de,Female
762,Evelyn,Gonzalez,egonzalezl5@ftc.gov,Female
763,Christine,Morales,cmoralesl6@last.fm,Female
764,Joshua,West,jwestl7@shinystat.com,Male
765,Kevin,Meyer,kmeyerl8@si.edu,Male
766,Jane,Fields,jfieldsl9@cpanel.net,Female
767,Daniel,Schmidt,dschmidtla@cnet.com,Male
768,Joyce,Day,jdaylb@cafepress.com,Female
769,Kelly,Franklin,kfranklinlc@bloglines.com,Female
770,Johnny,Cook,jcookld@state.gov,Male
771,Robin,Castillo,rcastillole@example.com,Female
772,Kelly,Little,klittlelf@t-online.de,Female
773,Jessica,Meyer,jmeyerlg@wufoo.com,Female
774,Todd,Morris,tmorrislh@blogtalkradio.com,Male
775,Joe,Black,jblackli@imageshack.us,Male
776,Frances,West,fwestlj@bbb.org,Female
777,Nicholas,Gray,ngraylk@amazon.de,Male
778,Richard,Flores,rfloresll@gnu.org,Male
779,Maria,Austin,maustinlm@goodreads.com,Female
780,Bruce,Lawson,blawsonln@reverbnation.com,Male
781,Joan,Ortiz,jortizlo@sakura.ne.jp,Female
782,Todd,Gray,tgraylp@cornell.edu,Male
783,Beverly,Morris,bmorrislq@constantcontact.com,Female
784,Adam,Riley,arileylr@webeden.co.uk,Male
785,Elizabeth,Lane,elanels@g.co,Female
786,Patrick,Mills,pmillslt@unicef.org,Male
787,Kimberly,Webb,kwebblu@rakuten.co.jp,Female
788,Barbara,Henry,bhenrylv@constantcontact.com,Female
789,Lillian,Murray,lmurraylw@cpanel.net,Female
790,Roger,Moore,rmoorelx@patch.com,Male
791,Robert,Long,rlongly@taobao.com,Male
792,Joe,Mason,jmasonlz@goo.ne.jp,Male
793,Carolyn,Nelson,cnelsonm0@ameblo.jp,Female
794,Shawn,Graham,sgrahamm1@ehow.com,Male
795,Rebecca,Burke,rburkem2@godaddy.com,Female
796,Kevin,Evans,kevansm3@sun.com,Male
797,Jacqueline,Rodriguez,jrodriguezm4@multiply.com,Female
798,Alan,Richardson,arichardsonm5@eventbrite.com,Male
799,Andrea,Wright,awrightm6@wordpress.org,Female
800,Jeremy,Mccoy,jmccoym7@ucoz.com,Male
801,Brandon,Green,bgreenm8@examiner.com,Male
802,Christopher,Olson,colsonm9@dion.ne.jp,Male
803,Ryan,Patterson,rpattersonma@com.com,Male
804,Michelle,Hunt,mhuntmb@exblog.jp,Female
805,Alice,Larson,alarsonmc@github.io,Female
806,Jean,Wheeler,jwheelermd@nasa.gov,Female
807,Jose,Griffin,jgriffinme@bloglovin.com,Male
808,Nicole,Knight,nknightmf@jugem.jp,Female
809,Mildred,Stanley,mstanleymg@jugem.jp,Female
810,Stephen,Walker,swalkermh@walmart.com,Male
811,Emily,Hansen,ehansenmi@youku.com,Female
812,Alan,Shaw,ashawmj@pagesperso-orange.fr,Male
813,Clarence,Webb,cwebbmk@miitbeian.gov.cn,Male
814,Jean,Mitchell,jmitchellml@pcworld.com,Female
815,Dorothy,Moore,dmooremm@woothemes.com,Female
816,Robert,King,rkingmn@jigsy.com,Male
817,Marie,Griffin,mgriffinmo@issuu.com,Female
818,Tina,Lane,tlanemp@smh.com.au,Female
819,Matthew,Perez,mperezmq@bigcartel.com,Male
820,Aaron,Price,apricemr@xinhuanet.com,Male
821,Shirley,Stevens,sstevensms@comsenz.com,Female
822,Kathy,Chavez,kchavezmt@parallels.com,Female
823,Daniel,Harper,dharpermu@reuters.com,Male
824,Philip,Carter,pcartermv@earthlink.net,Male
825,Marie,Harris,mharrismw@ft.com,Female
826,Christina,Vasquez,cvasquezmx@craigslist.org,Female
827,Maria,Mendoza,mmendozamy@hibu.com,Female
828,Christina,Kelley,ckelleymz@cbc.ca,Female
829,Tina,Fox,tfoxn0@skyrock.com,Female
830,Fred,Owens,fowensn1@shutterfly.com,Male
831,Marilyn,Tucker,mtuckern2@last.fm,Female
832,Cheryl,West,cwestn3@usda.gov,Female
833,Jason,Andrews,jandrewsn4@auda.org.au,Male
834,Charles,Williams,cwilliamsn5@cyberchimps.com,Male
835,Randy,Hanson,rhansonn6@diigo.com,Male
836,Jane,Allen,jallenn7@naver.com,Female
837,Patrick,Rose,prosen8@friendfeed.com,Male
838,Robin,Garcia,rgarcian9@illinois.edu,Female
839,Sean,Lawrence,slawrencena@163.com,Male
840,Anthony,Kelly,akellynb@people.com.cn,Male
841,Deborah,Stephens,dstephensnc@tinyurl.com,Female
842,Anna,Clark,aclarknd@smugmug.com,Female
843,Kelly,Chapman,kchapmanne@globo.com,Female
844,Amanda,George,ageorgenf@ed.gov,Female
845,Heather,Russell,hrussellng@imgur.com,Female
846,Nancy,Parker,nparkernh@arstechnica.com,Female
847,Frank,Jones,fjonesni@scribd.com,Male
848,Paul,Dixon,pdixonnj@unblog.fr,Male
849,Victor,Hicks,vhicksnk@prnewswire.com,Male
850,Heather,Jones,hjonesnl@canalblog.com,Female
851,Andrew,Wells,awellsnm@imgur.com,Male
852,Patrick,Oliver,polivernn@fotki.com,Male
853,Donna,Shaw,dshawno@amazon.de,Female
854,Andrea,Holmes,aholmesnp@artisteer.com,Female
855,Donald,Spencer,dspencernq@topsy.com,Male
856,Cynthia,Washington,cwashingtonnr@baidu.com,Female
857,Sara,Simmons,ssimmonsns@virginia.edu,Female
858,Anna,Boyd,aboydnt@mtv.com,Female
859,Brian,Dean,bdeannu@slideshare.net,Male
860,Paula,Turner,pturnernv@shop-pro.jp,Female
861,Jean,Bryant,jbryantnw@istockphoto.com,Female
862,Ryan,Wells,rwellsnx@apple.com,Male
863,Andrew,Bailey,abaileyny@forbes.com,Male
864,Adam,Hamilton,ahamiltonnz@ycombinator.com,Male
865,Samuel,Castillo,scastilloo0@wsj.com,Male
866,Alan,Harris,aharriso1@joomla.org,Male
867,Justin,West,jwesto2@indiatimes.com,Male
868,Benjamin,Pierce,bpierceo3@printfriendly.com,Male
869,Phillip,Howard,phowardo4@paypal.com,Male
870,Mildred,Coleman,mcolemano5@google.ru,Female
871,Ruby,Cole,rcoleo6@imageshack.us,Female
872,Marilyn,West,mwesto7@creativecommons.org,Female
873,Tina,Little,tlittleo8@webs.com,Female
874,Jesse,Brooks,jbrookso9@ehow.com,Male
875,Catherine,James,cjamesoa@tinyurl.com,Female
876,Edward,Jackson,ejacksonob@state.tx.us,Male
877,Raymond,Austin,raustinoc@mail.ru,Male
878,Richard,Jackson,rjacksonod@soup.io,Male
879,Phyllis,Greene,pgreeneoe@mapquest.com,Female
880,Russell,White,rwhiteof@skype.com,Male
881,Deborah,Webb,dwebbog@whitehouse.gov,Female
882,Linda,Berry,lberryoh@typepad.com,Female
883,Andrea,Duncan,aduncanoi@weebly.com,Female
884,Donald,Stewart,dstewartoj@nba.com,Male
885,Linda,Wood,lwoodok@vk.com,Female
886,Pamela,Hughes,phughesol@jalbum.net,Female
887,Sandra,Wheeler,swheelerom@oaic.gov.au,Female
888,Betty,Rodriguez,brodriguezon@google.de,Female
889,Joe,Mendoza,jmendozaoo@google.co.jp,Male
890,Nicole,Morales,nmoralesop@bigcartel.com,Female
891,Brian,Franklin,bfranklinoq@who.int,Male
892,Cheryl,Baker,cbakeror@auda.org.au,Female
893,Jeffrey,Greene,jgreeneos@shinystat.com,Male
894,Sarah,Simmons,ssimmonsot@symantec.com,Female
895,Amy,Baker,abakerou@meetup.com,Female
896,Ralph,Andrews,randrewsov@taobao.com,Male
897,Keith,Wells,kwellsow@slashdot.org,Male
898,Wayne,Woods,wwoodsox@squarespace.com,Male
899,Howard,Hawkins,hhawkinsoy@youku.com,Male
900,Brenda,Romero,bromerooz@hao123.com,Female
901,Norma,Barnes,nbarnesp0@google.pl,Female
902,Sarah,Fisher,sfisherp1@ycombinator.com,Female
903,Kevin,Thompson,kthompsonp2@mapy.cz,Male
904,Margaret,Garcia,mgarciap3@woothemes.com,Female
905,Nicholas,Hart,nhartp4@ehow.com,Male
906,Harold,Jordan,hjordanp5@webs.com,Male
907,Amy,Spencer,aspencerp6@livejournal.com,Female
908,Janet,Reynolds,jreynoldsp7@hhs.gov,Female
909,Frank,Patterson,fpattersonp8@histats.com,Male
910,Christina,Oliver,coliverp9@imageshack.us,Female
911,Jeremy,Wallace,jwallacepa@360.cn,Male
912,Antonio,Perkins,aperkinspb@ehow.com,Male
913,Lori,Reed,lreedpc@techcrunch.com,Female
914,Nicholas,Day,ndaypd@wunderground.com,Male
915,Brian,Lee,bleepe@springer.com,Male
916,Kevin,Matthews,kmatthewspf@tumblr.com,Male
917,Jack,Perez,jperezpg@nyu.edu,Male
918,Heather,Allen,hallenph@wiley.com,Female
919,Frances,Wood,fwoodpi@example.com,Female
920,Bruce,Burns,bburnspj@cornell.edu,Male
921,Lillian,Carr,lcarrpk@wordpress.com,Female
922,Kathleen,Carr,kcarrpl@bigcartel.com,Female
923,James,Nichols,jnicholspm@people.com.cn,Male
924,Helen,Howard,hhowardpn@wikimedia.org,Female
925,Irene,Hernandez,ihernandezpo@jalbum.net,Female
926,Pamela,Weaver,pweaverpp@imdb.com,Female
927,Anna,Robinson,arobinsonpq@nymag.com,Female
928,Raymond,Pierce,rpiercepr@t-online.de,Male
929,Paul,Myers,pmyersps@hexun.com,Male
930,Anthony,Cox,acoxpt@sitemeter.com,Male
931,Kathryn,Hicks,khickspu@google.com.au,Female
932,Nicole,Reid,nreidpv@xrea.com,Female
933,Alice,Sanders,asanderspw@mozilla.com,Female
934,Steve,Kelley,skelleypx@hostgator.com,Male
935,Earl,Dean,edeanpy@businesswire.com,Male
936,Jonathan,Kim,jkimpz@bbb.org,Male
937,Roger,Stewart,rstewartq0@mashable.com,Male
938,Judith,Stewart,jstewartq1@ning.com,Female
939,Anthony,Phillips,aphillipsq2@cdc.gov,Male
940,Lois,Fowler,lfowlerq3@devhub.com,Female
941,Michelle,Gardner,mgardnerq4@hhs.gov,Female
942,Johnny,Mills,jmillsq5@zimbio.com,Male
943,Janice,Bishop,jbishopq6@sciencedaily.com,Female
944,Diana,Lynch,dlynchq7@mtv.com,Female
945,Clarence,Cunningham,ccunninghamq8@hc360.com,Male
946,Elizabeth,Armstrong,earmstrongq9@shutterfly.com,Female
947,Terry,Crawford,tcrawfordqa@infoseek.co.jp,Male
948,Stephanie,Henry,shenryqb@chicagotribune.com,Female
949,Ann,Fields,afieldsqc@oakley.com,Female
950,Wanda,Morris,wmorrisqd@51.la,Female
951,Sean,Morgan,smorganqe@nationalgeographic.com,Male
952,Antonio,Lewis,alewisqf@cbc.ca,Male
953,Lisa,Gardner,lgardnerqg@google.cn,Female
954,Joan,Ryan,jryanqh@japanpost.jp,Female
955,Catherine,Fernandez,cfernandezqi@spotify.com,Female
956,Albert,Gilbert,agilbertqj@irs.gov,Male
957,Kathryn,Nelson,knelsonqk@wufoo.com,Female
958,Jane,Reyes,jreyesql@state.tx.us,Female
959,Jane,Simmons,jsimmonsqm@cocolog-nifty.com,Female
960,Linda,Wood,lwoodqn@ycombinator.com,Female
961,Laura,Jacobs,ljacobsqo@joomla.org,Female
962,Walter,Mccoy,wmccoyqp@multiply.com,Male
963,Joe,Ferguson,jfergusonqq@artisteer.com,Male
964,Martin,Price,mpriceqr@wisc.edu,Male
965,Johnny,Price,jpriceqs@list-manage.com,Male
966,Kenneth,Willis,kwillisqt@example.com,Male
967,Judy,Fernandez,jfernandezqu@google.com.hk,Female
968,Denise,Palmer,dpalmerqv@dailymotion.com,Female
969,Lawrence,Jenkins,ljenkinsqw@shinystat.com,Male
970,Jesse,Ferguson,jfergusonqx@craigslist.org,Male
971,Charles,Palmer,cpalmerqy@sohu.com,Male
972,Russell,Hamilton,rhamiltonqz@theguardian.com,Male
973,Stephanie,Long,slongr0@dell.com,Female
974,Robert,Robinson,rrobinsonr1@phoca.cz,Male
975,Jeremy,Ferguson,jfergusonr2@psu.edu,Male
976,Judith,Wheeler,jwheelerr3@zdnet.com,Female
977,Jimmy,Burton,jburtonr4@github.com,Male
978,Juan,Chavez,jchavezr5@theatlantic.com,Male
979,Harold,Boyd,hboydr6@is.gd,Male
980,Lisa,Fisher,lfisherr7@zdnet.com,Female
981,Rose,Ford,rfordr8@surveymonkey.com,Female
982,Philip,Garza,pgarzar9@cdc.gov,Male
983,Katherine,Walker,kwalkerra@lulu.com,Female
984,Joe,Sanchez,jsanchezrb@yahoo.com,Male
985,Chris,Moreno,cmorenorc@webeden.co.uk,Male
986,Lori,Gibson,lgibsonrd@i2i.jp,Female
987,Brian,Thomas,bthomasre@google.it,Male
988,Brian,Russell,brussellrf@mozilla.com,Male
989,Chris,Gutierrez,cgutierrezrg@51.la,Male
990,Jesse,Hall,jhallrh@privacy.gov.au,Male
991,Nicole,Black,nblackri@spiegel.de,Female
992,Stephanie,Hawkins,shawkinsrj@china.com.cn,Female
993,Wanda,Ray,wrayrk@hud.gov,Female
994,Jerry,Duncan,jduncanrl@scribd.com,Male
995,Craig,Bradley,cbradleyrm@goodreads.com,Male
996,Kevin,Ramirez,kramirezrn@shutterfly.com,Male
997,Heather,Richards,hrichardsro@icio.us,Female
998,Alan,Gordon,agordonrp@paginegialle.it,Male
999,Albert,Marshall,amarshallrq@census.gov,Male
1000,Rose,Fox,rfoxrr@baidu.com,Female
